state,IM,record,ecu,Vult,Vbmax,ect,ecb,uindex,convergence,ecu_alpha,Vult_alpha
1,40,RSN126_GAZLI_GAZ000,-0.003667,174.4819,150.0404741,-0.003101716,-0.142218326,0,0,-1.414,0
1,40,RSN126_GAZLI_GAZ000,-0.004356,137.1152,150.0404741,-0.002763947,-0.142377433,573,0,-1,-1
1,40,RSN126_GAZLI_GAZ000,-0.004356,205.5083,150.0404741,-0.002763947,-0.142377433,947,0,-1,1
1,40,RSN126_GAZLI_GAZ000,-0.006019,121.6374,150.0404741,-0.003032211,-0.14385372,566,0,0,-1.414
1,40,RSN126_GAZLI_GAZ000,-0.006019,174.4819,150.0404741,-0.003032211,-0.14385372,950,0,0,0
1,40,RSN126_GAZLI_GAZ000,-0.006019,218.3598,150.0404741,-0.003032211,-0.14385372,950,0,0,1.414
1,40,RSN126_GAZLI_GAZ000,-0.008243,137.1152,151.3828211,-0.111415908,-0.156830833,573,0,1,-1
1,40,RSN126_GAZLI_GAZ000,-0.008243,205.5083,151.3828211,-0.111415908,-0.156830833,953,0,1,1
1,40,RSN126_GAZLI_GAZ000,-0.009164,174.4819,153.1793903,-0.002284563,-0.104259471,1061,FAILED,1.414,0
1,35,RSN126_GAZLI_GAZ000,-0.003667,174.4819,146.6889205,-0.00192357,-0.1103755,0,FAILED,-1.414,0
1,35,RSN126_GAZLI_GAZ000,-0.004356,137.1152,146.6889205,-0.002457665,-0.134039408,577,0,-1,-1
1,35,RSN126_GAZLI_GAZ000,-0.004356,205.5083,146.6889205,-0.002457665,-0.134039408,953,0,-1,1
1,35,RSN126_GAZLI_GAZ000,-0.006019,121.6374,152.6617315,-0.002490042,-0.13556535,566,0,0,-1.414
1,35,RSN126_GAZLI_GAZ000,-0.006019,174.4819,152.6617315,-0.002490042,-0.13556535,1058,0,0,0
1,35,RSN126_GAZLI_GAZ000,-0.006019,218.3598,152.6617315,-0.002490042,-0.13556535,1058,0,0,1.414
1,35,RSN126_GAZLI_GAZ000,-0.008243,137.1152,152.8356221,-0.00256032,-0.150304288,577,0,1,-1
1,35,RSN126_GAZLI_GAZ000,-0.008243,205.5083,152.8356221,-0.00256032,-0.150304288,1103,0,1,1
1,35,RSN126_GAZLI_GAZ000,-0.009164,174.4819,152.8356221,-0.002586127,-0.147956196,1104,0,1.414,0
1,30,RSN126_GAZLI_GAZ000,-0.003667,174.4819,152.6839147,-0.001963781,-0.118351698,0,0,-1.414,0
1,30,RSN126_GAZLI_GAZ000,-0.004356,137.1152,152.6839147,-0.002235455,-0.120863173,665,0,-1,-1
1,30,RSN126_GAZLI_GAZ000,-0.004356,205.5083,152.6839147,-0.002235455,-0.120863173,1098,0,-1,1
1,30,RSN126_GAZLI_GAZ000,-0.006019,121.6374,152.6839147,-0.002183606,-0.139159893,567,0,0,-1.414
1,30,RSN126_GAZLI_GAZ000,-0.006019,174.4819,152.6839147,-0.002183606,-0.139159893,1100,0,0,0
1,30,RSN126_GAZLI_GAZ000,-0.006019,218.3598,152.6839147,-0.002183606,-0.139159893,1100,0,0,1.414
1,30,RSN126_GAZLI_GAZ000,-0.008243,137.1152,152.6839147,-0.00213983,-0.123228224,665,0,1,-1
1,30,RSN126_GAZLI_GAZ000,-0.008243,205.5083,152.6839147,-0.00213983,-0.123228224,1103,0,1,1
1,30,RSN126_GAZLI_GAZ000,-0.009164,174.4819,152.6839147,-0.002128422,-0.122122902,1104,FAILED,1.414,0
1,25,RSN126_GAZLI_GAZ000,-0.003667,174.4819,152.0221768,-0.001629027,-0.11616315,0,FAILED,-1.414,0
1,25,RSN126_GAZLI_GAZ000,-0.004356,137.1152,152.0221768,-0.001977306,-0.110736471,903,0,-1,-1
1,25,RSN126_GAZLI_GAZ000,-0.004356,205.5083,152.0221768,-0.001977306,-0.110736471,1099,0,-1,1
1,25,RSN126_GAZLI_GAZ000,-0.006019,121.6374,152.0221768,-0.001944169,-0.11317215,573,0,0,-1.414
1,25,RSN126_GAZLI_GAZ000,-0.006019,174.4819,152.0221768,-0.001944169,-0.11317215,1100,0,0,0
1,25,RSN126_GAZLI_GAZ000,-0.006019,218.3598,152.0221768,-0.001944169,-0.11317215,1100,0,0,1.414
1,25,RSN126_GAZLI_GAZ000,-0.008243,137.1152,152.0221768,-0.001913625,-0.099698442,903,0,1,-1
1,25,RSN126_GAZLI_GAZ000,-0.008243,205.5083,152.0221768,-0.001913625,-0.099698442,1104,0,1,1
1,25,RSN126_GAZLI_GAZ000,-0.009164,174.4819,152.0221768,-0.002001548,-0.097805549,1105,0,1.414,0
1,20,RSN126_GAZLI_GAZ000,-0.003667,174.4819,150.8663749,-0.001827133,-0.103029027,0,0,-1.414,0
1,20,RSN126_GAZLI_GAZ000,-0.004356,137.1152,151.6599698,-0.001805112,-0.104877037,902,0,-1,-1
1,20,RSN126_GAZLI_GAZ000,-0.004356,205.5083,151.6599698,-0.001805112,-0.104877037,1098,0,-1,1
1,20,RSN126_GAZLI_GAZ000,-0.006019,121.6374,152.6110076,-0.001781579,-0.092985305,818,0,0,-1.414
1,20,RSN126_GAZLI_GAZ000,-0.006019,174.4819,152.6110076,-0.001781579,-0.092985305,1101,0,0,0
1,20,RSN126_GAZLI_GAZ000,-0.006019,218.3598,152.6110076,-0.001781579,-0.092985305,1101,0,0,1.414
1,20,RSN126_GAZLI_GAZ000,-0.008243,137.1152,152.7461838,-0.001797722,-0.08922989,902,0,1,-1
1,20,RSN126_GAZLI_GAZ000,-0.008243,205.5083,152.7461838,-0.001797722,-0.08922989,1105,0,1,1
1,20,RSN126_GAZLI_GAZ000,-0.009164,174.4819,152.7461838,-0.001804891,-0.089085924,1106,0,1.414,0
1,15,RSN126_GAZLI_GAZ000,-0.003667,174.4819,151.7319308,-0.001581412,-0.090915094,0,0,-1.414,0
1,15,RSN126_GAZLI_GAZ000,-0.004356,137.1152,152.600153,-0.001571273,-0.084071968,987,0,-1,-1
1,15,RSN126_GAZLI_GAZ000,-0.004356,205.5083,152.600153,-0.001571273,-0.084071968,1094,0,-1,1
1,15,RSN126_GAZLI_GAZ000,-0.006019,121.6374,153.3141545,-0.001582314,-0.077677485,896,0,0,-1.414
1,15,RSN126_GAZLI_GAZ000,-0.006019,174.4819,153.3141545,-0.001582314,-0.077677485,1099,0,0,0
1,15,RSN126_GAZLI_GAZ000,-0.006019,218.3598,153.3141545,-0.001582314,-0.077677485,1099,0,0,1.414
1,15,RSN126_GAZLI_GAZ000,-0.008243,137.1152,153.3529399,-0.001638503,-0.00729964,987,0,1,-1
0,15,RSN126_GAZLI_GAZ000,-0.008243,205.5083,153.3529399,-0.001638503,-0.00729964,0,0,1,1
0,15,RSN126_GAZLI_GAZ000,-0.009164,174.4819,153.3529399,-0.001638503,-0.00729964,0,0,1.414,0
1,10,RSN126_GAZLI_GAZ000,-0.003667,174.4819,148.6090159,-0.001393623,-0.002098134,0,0,-1.414,0
1,10,RSN126_GAZLI_GAZ000,-0.004356,137.1152,148.6090159,-0.001393623,-0.002098134,986,0,-1,-1
0,10,RSN126_GAZLI_GAZ000,-0.004356,205.5083,148.6090159,-0.001393623,-0.002098134,0,0,-1,1
1,10,RSN126_GAZLI_GAZ000,-0.006019,121.6374,148.6090159,-0.001393623,-0.002098134,978,0,0,-1.414
0,10,RSN126_GAZLI_GAZ000,-0.006019,174.4819,148.6090159,-0.001393623,-0.002098134,0,0,0,0
0,10,RSN126_GAZLI_GAZ000,-0.006019,218.3598,148.6090159,-0.001393623,-0.002098134,0,0,0,1.414
1,10,RSN126_GAZLI_GAZ000,-0.008243,137.1152,148.6090159,-0.001393623,-0.002098134,986,0,1,-1
0,10,RSN126_GAZLI_GAZ000,-0.008243,205.5083,148.6090159,-0.001393623,-0.002098134,0,0,1,1
0,10,RSN126_GAZLI_GAZ000,-0.009164,174.4819,148.6090159,-0.001393623,-0.002098134,0,0,1.414,0
1,5,RSN126_GAZLI_GAZ000,-0.003667,174.4819,121.205346,-0.001225689,-0.001058113,0,0,-1.414,0
0,5,RSN126_GAZLI_GAZ000,-0.004356,137.1152,121.205346,-0.001225689,-0.001058113,0,0,-1,-1
0,5,RSN126_GAZLI_GAZ000,-0.004356,205.5083,121.205346,-0.001225689,-0.001058113,0,0,-1,1
0,5,RSN126_GAZLI_GAZ000,-0.006019,121.6374,121.205346,-0.001225689,-0.001058113,0,0,0,-1.414
0,5,RSN126_GAZLI_GAZ000,-0.006019,174.4819,121.205346,-0.001225689,-0.001058113,0,0,0,0
0,5,RSN126_GAZLI_GAZ000,-0.006019,218.3598,121.205346,-0.001225689,-0.001058113,0,0,0,1.414
0,5,RSN126_GAZLI_GAZ000,-0.008243,137.1152,121.205346,-0.001225689,-0.001058113,0,0,1,-1
0,5,RSN126_GAZLI_GAZ000,-0.008243,205.5083,121.205346,-0.001225689,-0.001058113,0,0,1,1
0,5,RSN126_GAZLI_GAZ000,-0.009164,174.4819,121.205346,-0.001225689,-0.001058113,0,0,1.414,0
1,40,RSN461_MORGAN_HVR240,-0.003667,174.4819,152.8737509,-0.111230356,-0.146372571,0,0,-1.414,0
1,40,RSN461_MORGAN_HVR240,-0.004356,137.1152,154.0804285,-0.10938176,-0.14519237,391,0,-1,-1
1,40,RSN461_MORGAN_HVR240,-0.004356,205.5083,154.0804285,-0.10938176,-0.14519237,404,0,-1,1
1,40,RSN461_MORGAN_HVR240,-0.006019,121.6374,154.2302576,-0.107545532,-0.147531672,388,0,0,-1.414
1,40,RSN461_MORGAN_HVR240,-0.006019,174.4819,154.2302576,-0.107545532,-0.147531672,408,0,0,0
1,40,RSN461_MORGAN_HVR240,-0.006019,218.3598,154.2302576,-0.107545532,-0.147531672,408,0,0,1.414
1,40,RSN461_MORGAN_HVR240,-0.008243,137.1152,154.2302576,-0.102780811,-0.145438038,391,0,1,-1
1,40,RSN461_MORGAN_HVR240,-0.008243,205.5083,154.2302576,-0.102780811,-0.145438038,414,0,1,1
1,40,RSN461_MORGAN_HVR240,-0.009164,174.4819,154.2302576,-0.001747158,-0.036407371,414,FAILED,1.414,0
1,35,RSN461_MORGAN_HVR240,-0.003667,174.4819,152.9741651,-0.103698962,-0.133069639,0,0,-1.414,0
1,35,RSN461_MORGAN_HVR240,-0.004356,137.1152,153.9378841,-0.098889557,-0.13624901,391,0,-1,-1
1,35,RSN461_MORGAN_HVR240,-0.004356,205.5083,153.9378841,-0.098889557,-0.13624901,407,0,-1,1
1,35,RSN461_MORGAN_HVR240,-0.006019,121.6374,154.2225729,-0.001587756,-0.035911782,388,FAILED,0,-1.414
1,35,RSN461_MORGAN_HVR240,-0.006019,174.4819,154.2225729,-0.001587756,-0.035911782,414,FAILED,0,0
1,35,RSN461_MORGAN_HVR240,-0.006019,218.3598,154.2225729,-0.001587756,-0.035911782,414,FAILED,0,1.414
1,35,RSN461_MORGAN_HVR240,-0.008243,137.1152,154.2225729,-0.007386577,-0.069051247,391,FAILED,1,-1
1,35,RSN461_MORGAN_HVR240,-0.008243,205.5083,154.2225729,-0.007386577,-0.069051247,579,FAILED,1,1
1,35,RSN461_MORGAN_HVR240,-0.009164,174.4819,154.2225729,-0.007402003,-0.065738797,580,FAILED,1.414,0
1,30,RSN461_MORGAN_HVR240,-0.003667,174.4819,153.2521063,-0.087832787,-0.123847535,0,0,-1.414,0
1,30,RSN461_MORGAN_HVR240,-0.004356,137.1152,154.0560072,-0.087624408,-0.12242921,393,0,-1,-1
1,30,RSN461_MORGAN_HVR240,-0.004356,205.5083,154.0560072,-0.087624408,-0.12242921,416,0,-1,1
1,30,RSN461_MORGAN_HVR240,-0.006019,121.6374,154.1959339,-0.091426443,-0.108692359,389,0,0,-1.414
1,30,RSN461_MORGAN_HVR240,-0.006019,174.4819,154.1959339,-0.091426443,-0.108692359,2088,0,0,0
1,30,RSN461_MORGAN_HVR240,-0.006019,218.3598,154.1959339,-0.091426443,-0.108692359,2088,0,0,1.414
1,30,RSN461_MORGAN_HVR240,-0.008243,137.1152,154.1959339,-0.082125919,-0.098835514,393,0,1,-1
1,30,RSN461_MORGAN_HVR240,-0.008243,205.5083,154.1959339,-0.082125919,-0.098835514,2092,0,1,1
1,30,RSN461_MORGAN_HVR240,-0.009164,174.4819,154.1959339,-0.080201354,-0.096778419,2093,0,1.414,0
1,25,RSN461_MORGAN_HVR240,-0.003667,174.4819,152.1468359,-0.002537159,-0.083631277,0,0,-1.414,0
1,25,RSN461_MORGAN_HVR240,-0.004356,137.1152,152.1468359,-0.002307981,-0.093989381,395,0,-1,-1
1,25,RSN461_MORGAN_HVR240,-0.004356,205.5083,152.1468359,-0.002307981,-0.093989381,2089,0,-1,1
1,25,RSN461_MORGAN_HVR240,-0.006019,121.6374,152.1468359,-0.00225928,-0.090463064,390,0,0,-1.414
1,25,RSN461_MORGAN_HVR240,-0.006019,174.4819,152.1468359,-0.00225928,-0.090463064,2093,0,0,0
1,25,RSN461_MORGAN_HVR240,-0.006019,218.3598,152.1468359,-0.00225928,-0.090463064,2093,0,0,1.414
1,25,RSN461_MORGAN_HVR240,-0.008243,137.1152,152.1468359,-0.002195669,-0.041049369,395,FAILED,1,-1
1,25,RSN461_MORGAN_HVR240,-0.008243,205.5083,152.1468359,-0.002195669,-0.041049369,2098,FAILED,1,1
1,25,RSN461_MORGAN_HVR240,-0.009164,174.4819,152.1468359,-0.002176553,-0.089483298,2098,0,1.414,0
1,20,RSN461_MORGAN_HVR240,-0.003667,174.4819,149.9783475,-0.001756347,-0.076685859,0,0,-1.414,0
1,20,RSN461_MORGAN_HVR240,-0.004356,137.1152,151.7583257,-0.001725823,-0.080225824,398,0,-1,-1
1,20,RSN461_MORGAN_HVR240,-0.004356,205.5083,151.7583257,-0.001725823,-0.080225824,2094,0,-1,1
1,20,RSN461_MORGAN_HVR240,-0.006019,121.6374,152.7416301,-0.001731814,-0.076632708,392,0,0,-1.414
1,20,RSN461_MORGAN_HVR240,-0.006019,174.4819,152.7416301,-0.001731814,-0.076632708,2099,0,0,0
1,20,RSN461_MORGAN_HVR240,-0.006019,218.3598,152.7416301,-0.001731814,-0.076632708,2099,0,0,1.414
1,20,RSN461_MORGAN_HVR240,-0.008243,137.1152,153.0220312,-0.001850046,-0.071966677,398,0,1,-1
1,20,RSN461_MORGAN_HVR240,-0.008243,205.5083,153.0220312,-0.001850046,-0.071966677,2107,0,1,1
1,20,RSN461_MORGAN_HVR240,-0.009164,174.4819,153.0220312,-0.001779308,-0.027953829,2108,0,1.414,0
1,15,RSN461_MORGAN_HVR240,-0.003667,174.4819,153.6818288,-0.001529403,-0.076384328,0,0,-1.414,0
1,15,RSN461_MORGAN_HVR240,-0.004356,137.1152,154.4982303,-0.001574296,-0.070767918,405,0,-1,-1
1,15,RSN461_MORGAN_HVR240,-0.004356,205.5083,154.4982303,-0.001574296,-0.070767918,2107,0,-1,1
1,15,RSN461_MORGAN_HVR240,-0.006019,121.6374,154.658954,-0.001591709,-0.014348917,396,0,0,-1.414
1,15,RSN461_MORGAN_HVR240,-0.006019,174.4819,154.658954,-0.001591709,-0.014348917,2192,0,0,0
1,15,RSN461_MORGAN_HVR240,-0.006019,218.3598,154.658954,-0.001591709,-0.014348917,2192,0,0,1.414
1,15,RSN461_MORGAN_HVR240,-0.008243,137.1152,154.658954,-0.001604434,-0.006362327,405,0,1,-1
0,15,RSN461_MORGAN_HVR240,-0.008243,205.5083,154.658954,-0.001604434,-0.006362327,0,0,1,1
0,15,RSN461_MORGAN_HVR240,-0.009164,174.4819,154.658954,-0.001604434,-0.006362327,0,0,1.414,0
1,10,RSN461_MORGAN_HVR240,-0.003667,174.4819,153.5540511,-0.001504913,-0.061733261,0,0,-1.414,0
1,10,RSN461_MORGAN_HVR240,-0.004356,137.1152,154.455417,-0.001518368,-0.05655728,1750,0,-1,-1
1,10,RSN461_MORGAN_HVR240,-0.004356,205.5083,154.455417,-0.001518368,-0.05655728,2102,0,-1,1
1,10,RSN461_MORGAN_HVR240,-0.006019,121.6374,154.6406662,-0.001563607,-0.005410876,405,0,0,-1.414
0,10,RSN461_MORGAN_HVR240,-0.006019,174.4819,154.6406662,-0.001563607,-0.005410876,0,0,0,0
0,10,RSN461_MORGAN_HVR240,-0.006019,218.3598,154.6406662,-0.001563607,-0.005410876,0,0,0,1.414
1,10,RSN461_MORGAN_HVR240,-0.008243,137.1152,154.6406662,-0.001563607,-0.005410876,1750,0,1,-1
0,10,RSN461_MORGAN_HVR240,-0.008243,205.5083,154.6406662,-0.001563607,-0.005410876,0,0,1,1
0,10,RSN461_MORGAN_HVR240,-0.009164,174.4819,154.6406662,-0.001563607,-0.005410876,0,0,1.414,0
1,5,RSN461_MORGAN_HVR240,-0.003667,174.4819,144.7954102,-0.001350962,-0.001721337,0,0,-1.414,0
1,5,RSN461_MORGAN_HVR240,-0.004356,137.1152,144.7954102,-0.001350962,-0.001721337,2075,0,-1,-1
0,5,RSN461_MORGAN_HVR240,-0.004356,205.5083,144.7954102,-0.001350962,-0.001721337,0,0,-1,1
1,5,RSN461_MORGAN_HVR240,-0.006019,121.6374,144.7954102,-0.001350962,-0.001721337,1748,0,0,-1.414
0,5,RSN461_MORGAN_HVR240,-0.006019,174.4819,144.7954102,-0.001350962,-0.001721337,0,0,0,0
0,5,RSN461_MORGAN_HVR240,-0.006019,218.3598,144.7954102,-0.001350962,-0.001721337,0,0,0,1.414
1,5,RSN461_MORGAN_HVR240,-0.008243,137.1152,144.7954102,-0.001350962,-0.001721337,2075,0,1,-1
0,5,RSN461_MORGAN_HVR240,-0.008243,205.5083,144.7954102,-0.001350962,-0.001721337,0,0,1,1
0,5,RSN461_MORGAN_HVR240,-0.009164,174.4819,144.7954102,-0.001350962,-0.001721337,0,0,1.414,0
1,40,RSN518_PALMSPR_FVR045,-0.003667,174.4819,149.4420723,-0.001988014,-0.045385908,0,FAILED,-1.414,0
1,40,RSN518_PALMSPR_FVR045,-0.004356,137.1152,151.1480298,-0.003780862,-0.063461962,216,FAILED,-1,-1
1,40,RSN518_PALMSPR_FVR045,-0.004356,205.5083,151.1480298,-0.003780862,-0.063461962,654,FAILED,-1,1
1,40,RSN518_PALMSPR_FVR045,-0.006019,121.6374,151.9595427,-0.143908202,-0.143785026,209,FAILED,0,-1.414
1,40,RSN518_PALMSPR_FVR045,-0.006019,174.4819,151.9595427,-0.143908202,-0.143785026,655,FAILED,0,0
1,40,RSN518_PALMSPR_FVR045,-0.006019,218.3598,151.9595427,-0.143908202,-0.143785026,655,FAILED,0,1.414
1,40,RSN518_PALMSPR_FVR045,-0.008243,137.1152,152.3270874,-0.006484178,-0.059162392,216,FAILED,1,-1
1,40,RSN518_PALMSPR_FVR045,-0.008243,205.5083,152.3270874,-0.006484178,-0.059162392,657,FAILED,1,1
1,40,RSN518_PALMSPR_FVR045,-0.009164,174.4819,152.3270874,-0.150766964,-0.160618572,657,0,1.414,0
1,35,RSN518_PALMSPR_FVR045,-0.003667,174.4819,150.2538805,-0.143130629,-0.150431187,0,0,-1.414,0
1,35,RSN518_PALMSPR_FVR045,-0.004356,137.1152,151.7618839,-0.140527962,-0.149961643,447,0,-1,-1
1,35,RSN518_PALMSPR_FVR045,-0.004356,205.5083,151.7618839,-0.140527962,-0.149961643,656,0,-1,1
1,35,RSN518_PALMSPR_FVR045,-0.006019,121.6374,152.9159595,-0.139084889,-0.149223888,211,0,0,-1.414
1,35,RSN518_PALMSPR_FVR045,-0.006019,174.4819,152.9159595,-0.139084889,-0.149223888,658,0,0,0
1,35,RSN518_PALMSPR_FVR045,-0.006019,218.3598,152.9159595,-0.139084889,-0.149223888,658,0,0,1.414
1,35,RSN518_PALMSPR_FVR045,-0.008243,137.1152,152.9749755,-0.106415524,-0.108334088,447,0,1,-1
1,35,RSN518_PALMSPR_FVR045,-0.008243,205.5083,152.9749755,-0.106415524,-0.108334088,659,0,1,1
1,35,RSN518_PALMSPR_FVR045,-0.009164,174.4819,152.9749755,-0.140169001,-0.150818274,660,0,1.414,0
1,30,RSN518_PALMSPR_FVR045,-0.003667,174.4819,151.1281592,-0.001995003,-0.046926641,0,FAILED,-1.414,0
1,30,RSN518_PALMSPR_FVR045,-0.004356,137.1152,152.9866047,-0.129442368,-0.133923711,446,0,-1,-1
1,30,RSN518_PALMSPR_FVR045,-0.004356,205.5083,152.9866047,-0.129442368,-0.133923711,659,0,-1,1
1,30,RSN518_PALMSPR_FVR045,-0.006019,121.6374,153.4776378,-0.005129952,-0.060718441,214,FAILED,0,-1.414
1,30,RSN518_PALMSPR_FVR045,-0.006019,174.4819,153.4776378,-0.005129952,-0.060718441,661,FAILED,0,0
1,30,RSN518_PALMSPR_FVR045,-0.006019,218.3598,153.4776378,-0.005129952,-0.060718441,661,FAILED,0,1.414
1,30,RSN518_PALMSPR_FVR045,-0.008243,137.1152,153.4776378,-0.128920832,-0.144879233,446,0,1,-1
1,30,RSN518_PALMSPR_FVR045,-0.008243,205.5083,153.4776378,-0.128920832,-0.144879233,663,0,1,1
1,30,RSN518_PALMSPR_FVR045,-0.009164,174.4819,153.4776378,-0.129626471,-0.133972248,663,0,1.414,0
1,25,RSN518_PALMSPR_FVR045,-0.003667,174.4819,152.2032606,-0.001984785,-0.045662574,0,FAILED,-1.414,0
1,25,RSN518_PALMSPR_FVR045,-0.004356,137.1152,152.8865114,-0.107357152,-0.117376466,448,FAILED,-1,-1
1,25,RSN518_PALMSPR_FVR045,-0.004356,205.5083,152.8865114,-0.107357152,-0.117376466,660,FAILED,-1,1
1,25,RSN518_PALMSPR_FVR045,-0.006019,121.6374,153.5627162,-0.00530337,-0.061169256,218,FAILED,0,-1.414
1,25,RSN518_PALMSPR_FVR045,-0.006019,174.4819,153.5627162,-0.00530337,-0.061169256,663,FAILED,0,0
1,25,RSN518_PALMSPR_FVR045,-0.006019,218.3598,153.5627162,-0.00530337,-0.061169256,663,FAILED,0,1.414
1,25,RSN518_PALMSPR_FVR045,-0.008243,137.1152,153.5627162,-0.098280211,-0.111859656,448,FAILED,1,-1
1,25,RSN518_PALMSPR_FVR045,-0.008243,205.5083,153.5627162,-0.098280211,-0.111859656,665,FAILED,1,1
1,25,RSN518_PALMSPR_FVR045,-0.009164,174.4819,153.5627162,-0.007367104,-0.061070927,665,FAILED,1.414,0
1,20,RSN518_PALMSPR_FVR045,-0.003667,174.4819,152.2806528,-0.109137553,-0.113015845,0,0,-1.414,0
1,20,RSN518_PALMSPR_FVR045,-0.004356,137.1152,152.7960407,-0.107557111,-0.117795458,556,0,-1,-1
1,20,RSN518_PALMSPR_FVR045,-0.004356,205.5083,152.7960407,-0.107557111,-0.117795458,660,0,-1,1
1,20,RSN518_PALMSPR_FVR045,-0.006019,121.6374,153.4970031,-0.00272743,-0.104392314,438,0,0,-1.414
1,20,RSN518_PALMSPR_FVR045,-0.006019,174.4819,153.4970031,-0.00272743,-0.104392314,664,0,0,0
1,20,RSN518_PALMSPR_FVR045,-0.006019,218.3598,153.4970031,-0.00272743,-0.104392314,664,0,0,1.414
1,20,RSN518_PALMSPR_FVR045,-0.008243,137.1152,153.4970031,-0.002561014,-0.10100594,556,0,1,-1
1,20,RSN518_PALMSPR_FVR045,-0.008243,205.5083,153.4970031,-0.002561014,-0.10100594,667,0,1,1
1,20,RSN518_PALMSPR_FVR045,-0.009164,174.4819,153.4970031,-0.00247549,-0.100692594,669,0,1.414,0
1,15,RSN518_PALMSPR_FVR045,-0.003667,174.4819,152.5887357,-0.001891972,-0.088377259,0,0,-1.414,0
1,15,RSN518_PALMSPR_FVR045,-0.004356,137.1152,153.7249454,-0.001832158,-0.086169272,649,0,-1,-1
1,15,RSN518_PALMSPR_FVR045,-0.004356,205.5083,153.7249454,-0.001832158,-0.086169272,662,0,-1,1
1,15,RSN518_PALMSPR_FVR045,-0.006019,121.6374,154.2052929,-0.001771126,-0.031301375,547,FAILED,0,-1.414
1,15,RSN518_PALMSPR_FVR045,-0.006019,174.4819,154.2052929,-0.001771126,-0.031301375,667,FAILED,0,0
1,15,RSN518_PALMSPR_FVR045,-0.006019,218.3598,154.2052929,-0.001771126,-0.031301375,667,FAILED,0,1.414
1,15,RSN518_PALMSPR_FVR045,-0.008243,137.1152,154.2193179,-0.001866006,-0.086772366,649,0,1,-1
1,15,RSN518_PALMSPR_FVR045,-0.008243,205.5083,154.2193179,-0.001866006,-0.086772366,675,0,1,1
1,15,RSN518_PALMSPR_FVR045,-0.009164,174.4819,154.2193179,-0.001865707,-0.086696923,677,0,1.414,0
1,10,RSN518_PALMSPR_FVR045,-0.003667,174.4819,153.2872887,-0.001592922,-0.082757083,0,0,-1.414,0
1,10,RSN518_PALMSPR_FVR045,-0.004356,137.1152,153.2872887,-0.001479358,-0.076387218,648,0,-1,-1
1,10,RSN518_PALMSPR_FVR045,-0.004356,205.5083,153.2872887,-0.001479358,-0.076387218,749,0,-1,1
1,10,RSN518_PALMSPR_FVR045,-0.006019,121.6374,153.2872887,-0.001794065,-0.076748336,643,0,0,-1.414
1,10,RSN518_PALMSPR_FVR045,-0.006019,174.4819,153.2872887,-0.001794065,-0.076748336,820,0,0,0
1,10,RSN518_PALMSPR_FVR045,-0.006019,218.3598,153.2872887,-0.001794065,-0.076748336,820,0,0,1.414
1,10,RSN518_PALMSPR_FVR045,-0.008243,137.1152,153.2872887,-0.001699657,-0.017935565,648,0,1,-1
1,10,RSN518_PALMSPR_FVR045,-0.008243,205.5083,153.2872887,-0.001699657,-0.017935565,826,0,1,1
1,10,RSN518_PALMSPR_FVR045,-0.009164,174.4819,153.2872887,-0.00171877,-0.016533715,828,0,1.414,0
1,5,RSN518_PALMSPR_FVR045,-0.003667,174.4819,147.784859,-0.001397044,-0.002546131,0,0,-1.414,0
1,5,RSN518_PALMSPR_FVR045,-0.004356,137.1152,147.784859,-0.001397044,-0.002546131,784,0,-1,-1
0,5,RSN518_PALMSPR_FVR045,-0.004356,205.5083,147.784859,-0.001397044,-0.002546131,0,0,-1,1
1,5,RSN518_PALMSPR_FVR045,-0.006019,121.6374,147.784859,-0.001397044,-0.002546131,647,0,0,-1.414
0,5,RSN518_PALMSPR_FVR045,-0.006019,174.4819,147.784859,-0.001397044,-0.002546131,0,0,0,0
0,5,RSN518_PALMSPR_FVR045,-0.006019,218.3598,147.784859,-0.001397044,-0.002546131,0,0,0,1.414
1,5,RSN518_PALMSPR_FVR045,-0.008243,137.1152,147.784859,-0.001397044,-0.002546131,784,0,1,-1
0,5,RSN518_PALMSPR_FVR045,-0.008243,205.5083,147.784859,-0.001397044,-0.002546131,0,0,1,1
0,5,RSN518_PALMSPR_FVR045,-0.009164,174.4819,147.784859,-0.001397044,-0.002546131,0,0,1.414,0
1,40,RSN599_WHITTIER.A_A-FLO020,-0.003667,174.4819,152.247778,-0.126082272,-0.136078367,0,0,-1.414,0
1,40,RSN599_WHITTIER.A_A-FLO020,-0.004356,137.1152,152.9294439,-0.137778342,-0.145146873,899,0,-1,-1
1,40,RSN599_WHITTIER.A_A-FLO020,-0.004356,205.5083,152.9294439,-0.137778342,-0.145146873,906,0,-1,1
1,40,RSN599_WHITTIER.A_A-FLO020,-0.006019,121.6374,153.5006047,-0.109900422,-0.124660448,897,0,0,-1.414
1,40,RSN599_WHITTIER.A_A-FLO020,-0.006019,174.4819,153.5006047,-0.109900422,-0.124660448,908,0,0,0
1,40,RSN599_WHITTIER.A_A-FLO020,-0.006019,218.3598,153.5006047,-0.109900422,-0.124660448,908,0,0,1.414
1,40,RSN599_WHITTIER.A_A-FLO020,-0.008243,137.1152,153.5006047,-0.004940895,-0.113382376,899,0,1,-1
1,40,RSN599_WHITTIER.A_A-FLO020,-0.008243,205.5083,153.5006047,-0.004940895,-0.113382376,910,0,1,1
1,40,RSN599_WHITTIER.A_A-FLO020,-0.009164,174.4819,153.5006047,-0.005067722,-0.11284898,910,0,1.414,0
1,35,RSN599_WHITTIER.A_A-FLO020,-0.003667,174.4819,152.3087556,-0.099865702,-0.113504224,0,0,-1.414,0
1,35,RSN599_WHITTIER.A_A-FLO020,-0.004356,137.1152,153.1292496,-0.066574507,-0.113707885,898,FAILED,-1,-1
1,35,RSN599_WHITTIER.A_A-FLO020,-0.004356,205.5083,153.1292496,-0.066574507,-0.113707885,906,FAILED,-1,1
1,35,RSN599_WHITTIER.A_A-FLO020,-0.006019,121.6374,154.1124388,-0.002520853,-0.102170573,896,0,0,-1.414
1,35,RSN599_WHITTIER.A_A-FLO020,-0.006019,174.4819,154.1124388,-0.002520853,-0.102170573,909,0,0,0
1,35,RSN599_WHITTIER.A_A-FLO020,-0.006019,218.3598,154.1124388,-0.002520853,-0.102170573,909,0,0,1.414
1,35,RSN599_WHITTIER.A_A-FLO020,-0.008243,137.1152,154.1124388,-0.083293848,-0.08679824,898,0,1,-1
1,35,RSN599_WHITTIER.A_A-FLO020,-0.008243,205.5083,154.1124388,-0.083293848,-0.08679824,911,0,1,1
1,35,RSN599_WHITTIER.A_A-FLO020,-0.009164,174.4819,154.1124388,-0.002469467,-0.101331132,911,0,1.414,0
1,30,RSN599_WHITTIER.A_A-FLO020,-0.003667,174.4819,153.338077,-0.003038985,-0.104178797,0,0,-1.414,0
1,30,RSN599_WHITTIER.A_A-FLO020,-0.004356,137.1152,154.5763484,-0.002101835,-0.094653186,898,0,-1,-1
1,30,RSN599_WHITTIER.A_A-FLO020,-0.004356,205.5083,154.5763484,-0.002101835,-0.094653186,908,0,-1,1
1,30,RSN599_WHITTIER.A_A-FLO020,-0.006019,121.6374,154.7629549,-0.00208034,-0.094518101,895,0,0,-1.414
1,30,RSN599_WHITTIER.A_A-FLO020,-0.006019,174.4819,154.7629549,-0.00208034,-0.094518101,910,0,0,0
1,30,RSN599_WHITTIER.A_A-FLO020,-0.006019,218.3598,154.7629549,-0.00208034,-0.094518101,910,0,0,1.414
1,30,RSN599_WHITTIER.A_A-FLO020,-0.008243,137.1152,154.7629549,-0.002063176,-0.039043958,898,FAILED,1,-1
1,30,RSN599_WHITTIER.A_A-FLO020,-0.008243,205.5083,154.7629549,-0.002063176,-0.039043958,913,FAILED,1,1
1,30,RSN599_WHITTIER.A_A-FLO020,-0.009164,174.4819,154.7629549,-0.002134879,-0.052418098,913,FAILED,1.414,0
1,25,RSN599_WHITTIER.A_A-FLO020,-0.003667,174.4819,153.5440305,-0.001814358,-0.097148224,0,0,-1.414,0
1,25,RSN599_WHITTIER.A_A-FLO020,-0.004356,137.1152,154.4720124,-0.001792488,-0.096109186,898,0,-1,-1
1,25,RSN599_WHITTIER.A_A-FLO020,-0.004356,205.5083,154.4720124,-0.001792488,-0.096109186,910,0,-1,1
1,25,RSN599_WHITTIER.A_A-FLO020,-0.006019,121.6374,154.6580495,-0.001775597,-0.0838667,895,0,0,-1.414
1,25,RSN599_WHITTIER.A_A-FLO020,-0.006019,174.4819,154.6580495,-0.001775597,-0.0838667,913,0,0,0
1,25,RSN599_WHITTIER.A_A-FLO020,-0.006019,218.3598,154.6580495,-0.001775597,-0.0838667,913,0,0,1.414
1,25,RSN599_WHITTIER.A_A-FLO020,-0.008243,137.1152,154.6580495,-0.001781861,-0.082997941,898,0,1,-1
1,25,RSN599_WHITTIER.A_A-FLO020,-0.008243,205.5083,154.6580495,-0.001781861,-0.082997941,916,0,1,1
1,25,RSN599_WHITTIER.A_A-FLO020,-0.009164,174.4819,154.6580495,-0.001787128,-0.082685843,917,0,1.414,0
1,20,RSN599_WHITTIER.A_A-FLO020,-0.003667,174.4819,153.3513817,-0.001574992,-0.089891402,0,0,-1.414,0
1,20,RSN599_WHITTIER.A_A-FLO020,-0.004356,137.1152,154.1268695,-0.001563189,-0.084117986,899,0,-1,-1
1,20,RSN599_WHITTIER.A_A-FLO020,-0.004356,205.5083,154.1268695,-0.001563189,-0.084117986,913,0,-1,1
1,20,RSN599_WHITTIER.A_A-FLO020,-0.006019,121.6374,154.4933948,-0.001578049,-0.034365552,895,FAILED,0,-1.414
1,20,RSN599_WHITTIER.A_A-FLO020,-0.006019,174.4819,154.4933948,-0.001578049,-0.034365552,918,FAILED,0,0
1,20,RSN599_WHITTIER.A_A-FLO020,-0.006019,218.3598,154.4933948,-0.001578049,-0.034365552,918,FAILED,0,1.414
1,20,RSN599_WHITTIER.A_A-FLO020,-0.008243,137.1152,154.4933948,-0.001655709,-0.0081556,899,0,1,-1
0,20,RSN599_WHITTIER.A_A-FLO020,-0.008243,205.5083,154.4933948,-0.001655709,-0.0081556,0,0,1,1
0,20,RSN599_WHITTIER.A_A-FLO020,-0.009164,174.4819,154.4933948,-0.001655709,-0.0081556,0,0,1.414,0
1,15,RSN599_WHITTIER.A_A-FLO020,-0.003667,174.4819,153.2391951,-0.001534625,-0.074425638,0,0,-1.414,0
1,15,RSN599_WHITTIER.A_A-FLO020,-0.004356,137.1152,153.8775963,-0.001470594,-0.017055974,900,0,-1,-1
1,15,RSN599_WHITTIER.A_A-FLO020,-0.004356,205.5083,153.8775963,-0.001470594,-0.017055974,985,0,-1,1
1,15,RSN599_WHITTIER.A_A-FLO020,-0.006019,121.6374,153.8775963,-0.001546601,-0.015836939,896,0,0,-1.414
1,15,RSN599_WHITTIER.A_A-FLO020,-0.006019,174.4819,153.8775963,-0.001546601,-0.015836939,1053,0,0,0
1,15,RSN599_WHITTIER.A_A-FLO020,-0.006019,218.3598,153.8775963,-0.001546601,-0.015836939,1053,0,0,1.414
1,15,RSN599_WHITTIER.A_A-FLO020,-0.008243,137.1152,153.8775963,-0.001594836,-0.006821106,900,0,1,-1
0,15,RSN599_WHITTIER.A_A-FLO020,-0.008243,205.5083,153.8775963,-0.001594836,-0.006821106,0,0,1,1
0,15,RSN599_WHITTIER.A_A-FLO020,-0.009164,174.4819,153.8775963,-0.001594836,-0.006821106,0,0,1.414,0
1,10,RSN599_WHITTIER.A_A-FLO020,-0.003667,174.4819,150.6797148,-0.001454677,-0.01797093,0,0,-1.414,0
1,10,RSN599_WHITTIER.A_A-FLO020,-0.004356,137.1152,151.8649717,-0.001490119,-0.013207491,905,0,-1,-1
1,10,RSN599_WHITTIER.A_A-FLO020,-0.004356,205.5083,151.8649717,-0.001490119,-0.013207491,1050,0,-1,1
1,10,RSN599_WHITTIER.A_A-FLO020,-0.006019,121.6374,151.9101481,-0.001492633,-0.004380748,898,0,0,-1.414
0,10,RSN599_WHITTIER.A_A-FLO020,-0.006019,174.4819,151.9101481,-0.001492633,-0.004380748,0,0,0,0
0,10,RSN599_WHITTIER.A_A-FLO020,-0.006019,218.3598,151.9101481,-0.001492633,-0.004380748,0,0,0,1.414
1,10,RSN599_WHITTIER.A_A-FLO020,-0.008243,137.1152,151.9101481,-0.001492633,-0.004380748,905,0,1,-1
0,10,RSN599_WHITTIER.A_A-FLO020,-0.008243,205.5083,151.9101481,-0.001492633,-0.004380748,0,0,1,1
0,10,RSN599_WHITTIER.A_A-FLO020,-0.009164,174.4819,151.9101481,-0.001492633,-0.004380748,0,0,1.414,0
1,5,RSN599_WHITTIER.A_A-FLO020,-0.003667,174.4819,150.0881975,-0.001407591,-0.002386359,0,0,-1.414,0
1,5,RSN599_WHITTIER.A_A-FLO020,-0.004356,137.1152,150.0881975,-0.001407591,-0.002386359,1017,0,-1,-1
0,5,RSN599_WHITTIER.A_A-FLO020,-0.004356,205.5083,150.0881975,-0.001407591,-0.002386359,0,0,-1,1
1,5,RSN599_WHITTIER.A_A-FLO020,-0.006019,121.6374,150.0881975,-0.001407591,-0.002386359,914,0,0,-1.414
0,5,RSN599_WHITTIER.A_A-FLO020,-0.006019,174.4819,150.0881975,-0.001407591,-0.002386359,0,0,0,0
0,5,RSN599_WHITTIER.A_A-FLO020,-0.006019,218.3598,150.0881975,-0.001407591,-0.002386359,0,0,0,1.414
1,5,RSN599_WHITTIER.A_A-FLO020,-0.008243,137.1152,150.0881975,-0.001407591,-0.002386359,1017,0,1,-1
0,5,RSN599_WHITTIER.A_A-FLO020,-0.008243,205.5083,150.0881975,-0.001407591,-0.002386359,0,0,1,1
0,5,RSN599_WHITTIER.A_A-FLO020,-0.009164,174.4819,150.0881975,-0.001407591,-0.002386359,0,0,1.414,0
1,40,RSN721_SUPER.B_B-ICC090,-0.003667,174.4819,153.6231192,-0.001780537,-0.074637763,0,0,-1.414,0
1,40,RSN721_SUPER.B_B-ICC090,-0.004356,137.1152,154.4849573,-0.001753232,-0.07440111,2667,0,-1,-1
1,40,RSN721_SUPER.B_B-ICC090,-0.004356,205.5083,154.4849573,-0.001753232,-0.07440111,2678,0,-1,1
1,40,RSN721_SUPER.B_B-ICC090,-0.006019,121.6374,154.6936391,-0.0017063,-0.029181363,1225,0,0,-1.414
1,40,RSN721_SUPER.B_B-ICC090,-0.006019,174.4819,154.6936391,-0.0017063,-0.029181363,2682,0,0,0
1,40,RSN721_SUPER.B_B-ICC090,-0.006019,218.3598,154.6936391,-0.0017063,-0.029181363,2682,0,0,1.414
1,40,RSN721_SUPER.B_B-ICC090,-0.008243,137.1152,154.6936391,-0.001686708,-0.022087243,2667,0,1,-1
1,40,RSN721_SUPER.B_B-ICC090,-0.008243,205.5083,154.6936391,-0.001686708,-0.022087243,2689,0,1,1
1,40,RSN721_SUPER.B_B-ICC090,-0.009164,174.4819,154.6936391,-0.001698462,-0.01934541,2690,0,1.414,0
1,35,RSN721_SUPER.B_B-ICC090,-0.003667,174.4819,153.6467618,-0.001667579,-0.072067837,0,0,-1.414,0
1,35,RSN721_SUPER.B_B-ICC090,-0.004356,137.1152,154.3805229,-0.001644232,-0.071758761,2666,0,-1,-1
1,35,RSN721_SUPER.B_B-ICC090,-0.004356,205.5083,154.3805229,-0.001644232,-0.071758761,2678,0,-1,1
1,35,RSN721_SUPER.B_B-ICC090,-0.006019,121.6374,154.6049727,-0.00161462,-0.02392709,1725,0,0,-1.414
1,35,RSN721_SUPER.B_B-ICC090,-0.006019,174.4819,154.6049727,-0.00161462,-0.02392709,2683,0,0,0
1,35,RSN721_SUPER.B_B-ICC090,-0.006019,218.3598,154.6049727,-0.00161462,-0.02392709,2683,0,0,1.414
1,35,RSN721_SUPER.B_B-ICC090,-0.008243,137.1152,154.6049727,-0.001667061,-0.014927151,2666,0,1,-1
1,35,RSN721_SUPER.B_B-ICC090,-0.008243,205.5083,154.6049727,-0.001667061,-0.014927151,2693,0,1,1
1,35,RSN721_SUPER.B_B-ICC090,-0.009164,174.4819,154.6049727,-0.00168199,-0.010447636,2699,0,1.414,0
1,30,RSN721_SUPER.B_B-ICC090,-0.003667,174.4819,153.4264191,-0.001496676,-0.067998256,0,0,-1.414,0
1,30,RSN721_SUPER.B_B-ICC090,-0.004356,137.1152,154.3160513,-0.001495804,-0.021357311,2666,0,-1,-1
1,30,RSN721_SUPER.B_B-ICC090,-0.004356,205.5083,154.3160513,-0.001495804,-0.021357311,2682,0,-1,1
1,30,RSN721_SUPER.B_B-ICC090,-0.006019,121.6374,154.454725,-0.00155442,-0.005770826,1627,0,0,-1.414
0,30,RSN721_SUPER.B_B-ICC090,-0.006019,174.4819,154.454725,-0.00155442,-0.005770826,0,0,0,0
0,30,RSN721_SUPER.B_B-ICC090,-0.006019,218.3598,154.454725,-0.00155442,-0.005770826,0,0,0,1.414
1,30,RSN721_SUPER.B_B-ICC090,-0.008243,137.1152,154.454725,-0.00155442,-0.005770826,2666,0,1,-1
0,30,RSN721_SUPER.B_B-ICC090,-0.008243,205.5083,154.454725,-0.00155442,-0.005770826,0,0,1,1
0,30,RSN721_SUPER.B_B-ICC090,-0.009164,174.4819,154.454725,-0.00155442,-0.005770826,0,0,1.414,0
1,25,RSN721_SUPER.B_B-ICC090,-0.003667,174.4819,153.2966066,-0.00145442,-0.003496295,0,0,-1.414,0
1,25,RSN721_SUPER.B_B-ICC090,-0.004356,137.1152,153.2966066,-0.00145442,-0.003496295,2670,0,-1,-1
0,25,RSN721_SUPER.B_B-ICC090,-0.004356,205.5083,153.2966066,-0.00145442,-0.003496295,0,0,-1,1
1,25,RSN721_SUPER.B_B-ICC090,-0.006019,121.6374,153.2966066,-0.00145442,-0.003496295,1628,0,0,-1.414
0,25,RSN721_SUPER.B_B-ICC090,-0.006019,174.4819,153.2966066,-0.00145442,-0.003496295,0,0,0,0
0,25,RSN721_SUPER.B_B-ICC090,-0.006019,218.3598,153.2966066,-0.00145442,-0.003496295,0,0,0,1.414
1,25,RSN721_SUPER.B_B-ICC090,-0.008243,137.1152,153.2966066,-0.00145442,-0.003496295,2670,0,1,-1
0,25,RSN721_SUPER.B_B-ICC090,-0.008243,205.5083,153.2966066,-0.00145442,-0.003496295,0,0,1,1
0,25,RSN721_SUPER.B_B-ICC090,-0.009164,174.4819,153.2966066,-0.00145442,-0.003496295,0,0,1.414,0
1,20,RSN721_SUPER.B_B-ICC090,-0.003667,174.4819,151.9875006,-0.001424982,-0.002870118,0,0,-1.414,0
1,20,RSN721_SUPER.B_B-ICC090,-0.004356,137.1152,151.9875006,-0.001424982,-0.002870118,2673,0,-1,-1
0,20,RSN721_SUPER.B_B-ICC090,-0.004356,205.5083,151.9875006,-0.001424982,-0.002870118,0,0,-1,1
1,20,RSN721_SUPER.B_B-ICC090,-0.006019,121.6374,151.9875006,-0.001424982,-0.002870118,1728,0,0,-1.414
0,20,RSN721_SUPER.B_B-ICC090,-0.006019,174.4819,151.9875006,-0.001424982,-0.002870118,0,0,0,0
0,20,RSN721_SUPER.B_B-ICC090,-0.006019,218.3598,151.9875006,-0.001424982,-0.002870118,0,0,0,1.414
1,20,RSN721_SUPER.B_B-ICC090,-0.008243,137.1152,151.9875006,-0.001424982,-0.002870118,2673,0,1,-1
0,20,RSN721_SUPER.B_B-ICC090,-0.008243,205.5083,151.9875006,-0.001424982,-0.002870118,0,0,1,1
0,20,RSN721_SUPER.B_B-ICC090,-0.009164,174.4819,151.9875006,-0.001424982,-0.002870118,0,0,1.414,0
1,15,RSN721_SUPER.B_B-ICC090,-0.003667,174.4819,150.497612,-0.001401793,-0.002467973,0,0,-1.414,0
1,15,RSN721_SUPER.B_B-ICC090,-0.004356,137.1152,150.497612,-0.001401793,-0.002467973,2673,0,-1,-1
0,15,RSN721_SUPER.B_B-ICC090,-0.004356,205.5083,150.497612,-0.001401793,-0.002467973,0,0,-1,1
1,15,RSN721_SUPER.B_B-ICC090,-0.006019,121.6374,150.497612,-0.001401793,-0.002467973,2360,0,0,-1.414
0,15,RSN721_SUPER.B_B-ICC090,-0.006019,174.4819,150.497612,-0.001401793,-0.002467973,0,0,0,0
0,15,RSN721_SUPER.B_B-ICC090,-0.006019,218.3598,150.497612,-0.001401793,-0.002467973,0,0,0,1.414
1,15,RSN721_SUPER.B_B-ICC090,-0.008243,137.1152,150.497612,-0.001401793,-0.002467973,2673,0,1,-1
0,15,RSN721_SUPER.B_B-ICC090,-0.008243,205.5083,150.497612,-0.001401793,-0.002467973,0,0,1,1
0,15,RSN721_SUPER.B_B-ICC090,-0.009164,174.4819,150.497612,-0.001401793,-0.002467973,0,0,1.414,0
1,10,RSN721_SUPER.B_B-ICC090,-0.003667,174.4819,145.2826742,-0.001347933,-0.001881624,0,0,-1.414,0
1,10,RSN721_SUPER.B_B-ICC090,-0.004356,137.1152,145.2826742,-0.001347933,-0.001881624,2670,0,-1,-1
0,10,RSN721_SUPER.B_B-ICC090,-0.004356,205.5083,145.2826742,-0.001347933,-0.001881624,0,0,-1,1
1,10,RSN721_SUPER.B_B-ICC090,-0.006019,121.6374,145.2826742,-0.001347933,-0.001881624,2664,0,0,-1.414
0,10,RSN721_SUPER.B_B-ICC090,-0.006019,174.4819,145.2826742,-0.001347933,-0.001881624,0,0,0,0
0,10,RSN721_SUPER.B_B-ICC090,-0.006019,218.3598,145.2826742,-0.001347933,-0.001881624,0,0,0,1.414
1,10,RSN721_SUPER.B_B-ICC090,-0.008243,137.1152,145.2826742,-0.001347933,-0.001881624,2670,0,1,-1
0,10,RSN721_SUPER.B_B-ICC090,-0.008243,205.5083,145.2826742,-0.001347933,-0.001881624,0,0,1,1
0,10,RSN721_SUPER.B_B-ICC090,-0.009164,174.4819,145.2826742,-0.001347933,-0.001881624,0,0,1.414,0
1,5,RSN721_SUPER.B_B-ICC090,-0.003667,174.4819,120.1737693,-0.00122054,-0.001039209,0,0,-1.414,0
0,5,RSN721_SUPER.B_B-ICC090,-0.004356,137.1152,120.1737693,-0.00122054,-0.001039209,0,0,-1,-1
0,5,RSN721_SUPER.B_B-ICC090,-0.004356,205.5083,120.1737693,-0.00122054,-0.001039209,0,0,-1,1
0,5,RSN721_SUPER.B_B-ICC090,-0.006019,121.6374,120.1737693,-0.00122054,-0.001039209,0,0,0,-1.414
0,5,RSN721_SUPER.B_B-ICC090,-0.006019,174.4819,120.1737693,-0.00122054,-0.001039209,0,0,0,0
0,5,RSN721_SUPER.B_B-ICC090,-0.006019,218.3598,120.1737693,-0.00122054,-0.001039209,0,0,0,1.414
0,5,RSN721_SUPER.B_B-ICC090,-0.008243,137.1152,120.1737693,-0.00122054,-0.001039209,0,0,1,-1
0,5,RSN721_SUPER.B_B-ICC090,-0.008243,205.5083,120.1737693,-0.00122054,-0.001039209,0,0,1,1
0,5,RSN721_SUPER.B_B-ICC090,-0.009164,174.4819,120.1737693,-0.00122054,-0.001039209,0,0,1.414,0
1,40,RSN766_LOMAP_G02000,-0.003667,174.4819,153.155668,-0.116434999,-0.13780681,0,0,-1.414,0
1,40,RSN766_LOMAP_G02000,-0.004356,137.1152,154.4262951,-0.003644801,-0.121240853,821,FAILED,-1,-1
1,40,RSN766_LOMAP_G02000,-0.004356,205.5083,154.4262951,-0.003644801,-0.121240853,830,FAILED,-1,1
1,40,RSN766_LOMAP_G02000,-0.006019,121.6374,154.6694804,-0.111053008,-0.138251704,762,0,0,-1.414
1,40,RSN766_LOMAP_G02000,-0.006019,174.4819,154.6694804,-0.111053008,-0.138251704,833,0,0,0
1,40,RSN766_LOMAP_G02000,-0.006019,218.3598,154.6694804,-0.111053008,-0.138251704,833,0,0,1.414
1,40,RSN766_LOMAP_G02000,-0.008243,137.1152,154.6694804,-0.108218578,-0.139152681,821,0,1,-1
1,40,RSN766_LOMAP_G02000,-0.008243,205.5083,154.6694804,-0.108218578,-0.139152681,836,0,1,1
1,40,RSN766_LOMAP_G02000,-0.009164,174.4819,154.6694804,-0.114823058,-0.138412306,836,0,1.414,0
1,35,RSN766_LOMAP_G02000,-0.003667,174.4819,153.6833029,-0.003252662,-0.117330827,0,FAILED,-1.414,0
1,35,RSN766_LOMAP_G02000,-0.004356,137.1152,154.1747924,-0.100558298,-0.122204409,822,0,-1,-1
1,35,RSN766_LOMAP_G02000,-0.004356,205.5083,154.1747924,-0.100558298,-0.122204409,832,0,-1,1
1,35,RSN766_LOMAP_G02000,-0.006019,121.6374,154.4807589,-0.099131945,-0.123630376,762,0,0,-1.414
1,35,RSN766_LOMAP_G02000,-0.006019,174.4819,154.4807589,-0.099131945,-0.123630376,834,0,0,0
1,35,RSN766_LOMAP_G02000,-0.006019,218.3598,154.4807589,-0.099131945,-0.123630376,834,0,0,1.414
1,35,RSN766_LOMAP_G02000,-0.008243,137.1152,154.4807589,-0.101844702,-0.124981423,822,0,1,-1
1,35,RSN766_LOMAP_G02000,-0.008243,205.5083,154.4807589,-0.101844702,-0.124981423,839,0,1,1
1,35,RSN766_LOMAP_G02000,-0.009164,174.4819,154.4807589,-0.104204705,-0.126081935,840,0,1.414,0
1,30,RSN766_LOMAP_G02000,-0.003667,174.4819,153.102144,-0.002263674,-0.109315497,0,0,-1.414,0
1,30,RSN766_LOMAP_G02000,-0.004356,137.1152,154.2716937,-0.002242069,-0.111102741,823,0,-1,-1
1,30,RSN766_LOMAP_G02000,-0.004356,205.5083,154.2716937,-0.002242069,-0.111102741,836,0,-1,1
1,30,RSN766_LOMAP_G02000,-0.006019,121.6374,154.4080408,-0.005381436,-0.102412675,762,0,0,-1.414
1,30,RSN766_LOMAP_G02000,-0.006019,174.4819,154.4080408,-0.005381436,-0.102412675,840,0,0,0
1,30,RSN766_LOMAP_G02000,-0.006019,218.3598,154.4080408,-0.005381436,-0.102412675,840,0,0,1.414
1,30,RSN766_LOMAP_G02000,-0.008243,137.1152,154.4080408,-0.002959902,-0.096456011,823,0,1,-1
1,30,RSN766_LOMAP_G02000,-0.008243,205.5083,154.4080408,-0.002959902,-0.096456011,845,0,1,1
1,30,RSN766_LOMAP_G02000,-0.009164,174.4819,154.4080408,-0.003175401,-0.093101132,846,0,1.414,0
1,25,RSN766_LOMAP_G02000,-0.003667,174.4819,153.2947519,-0.001839239,-0.100557315,0,0,-1.414,0
1,25,RSN766_LOMAP_G02000,-0.004356,137.1152,154.0858808,-0.001614531,-0.090523791,825,0,-1,-1
1,25,RSN766_LOMAP_G02000,-0.004356,205.5083,154.0858808,-0.001614531,-0.090523791,841,0,-1,1
1,25,RSN766_LOMAP_G02000,-0.006019,121.6374,154.2609484,-0.002472392,-0.092423265,763,0,0,-1.414
1,25,RSN766_LOMAP_G02000,-0.006019,174.4819,154.2609484,-0.002472392,-0.092423265,847,0,0,0
1,25,RSN766_LOMAP_G02000,-0.006019,218.3598,154.2609484,-0.002472392,-0.092423265,847,0,0,1.414
1,25,RSN766_LOMAP_G02000,-0.008243,137.1152,154.2609484,-0.002583185,-0.087789068,825,0,1,-1
1,25,RSN766_LOMAP_G02000,-0.008243,205.5083,154.2609484,-0.002583185,-0.087789068,997,0,1,1
1,25,RSN766_LOMAP_G02000,-0.009164,174.4819,154.2609484,-0.0025582,-0.087357654,998,0,1.414,0
1,20,RSN766_LOMAP_G02000,-0.003667,174.4819,153.2684967,-0.001591655,-0.084760771,0,0,-1.414,0
1,20,RSN766_LOMAP_G02000,-0.004356,137.1152,154.093884,-0.002338921,-0.087464328,827,0,-1,-1
1,20,RSN766_LOMAP_G02000,-0.004356,205.5083,154.093884,-0.002338921,-0.087464328,994,0,-1,1
1,20,RSN766_LOMAP_G02000,-0.006019,121.6374,154.093884,-0.002601105,-0.079707992,824,0,0,-1.414
1,20,RSN766_LOMAP_G02000,-0.006019,174.4819,154.093884,-0.002601105,-0.079707992,1124,0,0,0
1,20,RSN766_LOMAP_G02000,-0.006019,218.3598,154.093884,-0.002601105,-0.079707992,1124,0,0,1.414
1,20,RSN766_LOMAP_G02000,-0.008243,137.1152,154.093884,-0.00247439,-0.077788146,827,0,1,-1
1,20,RSN766_LOMAP_G02000,-0.008243,205.5083,154.093884,-0.00247439,-0.077788146,1128,0,1,1
1,20,RSN766_LOMAP_G02000,-0.009164,174.4819,154.093884,-0.002493183,-0.077141011,1128,0,1.414,0
1,15,RSN766_LOMAP_G02000,-0.003667,174.4819,150.7081027,-0.00175647,-0.066314137,0,0,-1.414,0
1,15,RSN766_LOMAP_G02000,-0.004356,137.1152,150.7081027,-0.001725637,-0.065553964,830,0,-1,-1
1,15,RSN766_LOMAP_G02000,-0.004356,205.5083,150.7081027,-0.001725637,-0.065553964,1116,0,-1,1
1,15,RSN766_LOMAP_G02000,-0.006019,121.6374,151.8508501,-0.00169159,-0.026322501,825,0,0,-1.414
1,15,RSN766_LOMAP_G02000,-0.006019,174.4819,151.8508501,-0.00169159,-0.026322501,1122,0,0,0
1,15,RSN766_LOMAP_G02000,-0.006019,218.3598,151.8508501,-0.00169159,-0.026322501,1122,0,0,1.414
1,15,RSN766_LOMAP_G02000,-0.008243,137.1152,152.2244358,-0.001622976,-0.019757789,830,0,1,-1
1,15,RSN766_LOMAP_G02000,-0.008243,205.5083,152.2244358,-0.001622976,-0.019757789,1130,0,1,1
1,15,RSN766_LOMAP_G02000,-0.009164,174.4819,152.2244358,-0.001629968,-0.018543239,1131,0,1.414,0
1,10,RSN766_LOMAP_G02000,-0.003667,174.4819,149.99468,-0.001405924,-0.002391821,0,0,-1.414,0
1,10,RSN766_LOMAP_G02000,-0.004356,137.1152,149.99468,-0.001405924,-0.002391821,837,0,-1,-1
0,10,RSN766_LOMAP_G02000,-0.004356,205.5083,149.99468,-0.001405924,-0.002391821,0,0,-1,1
1,10,RSN766_LOMAP_G02000,-0.006019,121.6374,149.99468,-0.001405924,-0.002391821,829,0,0,-1.414
0,10,RSN766_LOMAP_G02000,-0.006019,174.4819,149.99468,-0.001405924,-0.002391821,0,0,0,0
0,10,RSN766_LOMAP_G02000,-0.006019,218.3598,149.99468,-0.001405924,-0.002391821,0,0,0,1.414
1,10,RSN766_LOMAP_G02000,-0.008243,137.1152,149.99468,-0.001405924,-0.002391821,837,0,1,-1
0,10,RSN766_LOMAP_G02000,-0.008243,205.5083,149.99468,-0.001405924,-0.002391821,0,0,1,1
0,10,RSN766_LOMAP_G02000,-0.009164,174.4819,149.99468,-0.001405924,-0.002391821,0,0,1.414,0
1,5,RSN766_LOMAP_G02000,-0.003667,174.4819,130.429632,-0.001284862,-0.001220288,0,0,-1.414,0
0,5,RSN766_LOMAP_G02000,-0.004356,137.1152,130.429632,-0.001284862,-0.001220288,0,0,-1,-1
0,5,RSN766_LOMAP_G02000,-0.004356,205.5083,130.429632,-0.001284862,-0.001220288,0,0,-1,1
1,5,RSN766_LOMAP_G02000,-0.006019,121.6374,130.429632,-0.001284862,-0.001220288,1228,0,0,-1.414
0,5,RSN766_LOMAP_G02000,-0.006019,174.4819,130.429632,-0.001284862,-0.001220288,0,0,0,0
0,5,RSN766_LOMAP_G02000,-0.006019,218.3598,130.429632,-0.001284862,-0.001220288,0,0,0,1.414
0,5,RSN766_LOMAP_G02000,-0.008243,137.1152,130.429632,-0.001284862,-0.001220288,0,0,1,-1
0,5,RSN766_LOMAP_G02000,-0.008243,205.5083,130.429632,-0.001284862,-0.001220288,0,0,1,1
0,5,RSN766_LOMAP_G02000,-0.009164,174.4819,130.429632,-0.001284862,-0.001220288,0,0,1.414,0
1,40,RSN828_CAPEMEND_PET000,-0.003667,174.4819,145.5188218,-0.002217232,-0.142132597,0,0,-1.414,0
1,40,RSN828_CAPEMEND_PET000,-0.004356,137.1152,145.5188218,-0.001346562,-0.06745963,143,FAILED,-1,-1
1,40,RSN828_CAPEMEND_PET000,-0.004356,205.5083,145.5188218,-0.001346562,-0.06745963,154,FAILED,-1,1
1,40,RSN828_CAPEMEND_PET000,-0.006019,121.6374,145.5188218,-0.00219682,-0.137268704,142,0,0,-1.414
1,40,RSN828_CAPEMEND_PET000,-0.006019,174.4819,145.5188218,-0.00219682,-0.137268704,155,0,0,0
1,40,RSN828_CAPEMEND_PET000,-0.006019,218.3598,145.5188218,-0.00219682,-0.137268704,155,0,0,1.414
1,40,RSN828_CAPEMEND_PET000,-0.008243,137.1152,145.5188218,-0.001346562,-0.033044508,143,FAILED,1,-1
1,40,RSN828_CAPEMEND_PET000,-0.008243,205.5083,145.5188218,-0.001346562,-0.033044508,156,FAILED,1,1
1,40,RSN828_CAPEMEND_PET000,-0.009164,174.4819,145.5188218,-0.00215368,-0.138954034,156,0,1.414,0
1,35,RSN828_CAPEMEND_PET000,-0.003667,174.4819,143.4929236,-0.00169368,-0.125595979,0,0,-1.414,0
1,35,RSN828_CAPEMEND_PET000,-0.004356,137.1152,143.4929236,-0.001775927,-0.128155272,144,0,-1,-1
1,35,RSN828_CAPEMEND_PET000,-0.004356,205.5083,143.4929236,-0.001775927,-0.128155272,155,0,-1,1
1,35,RSN828_CAPEMEND_PET000,-0.006019,121.6374,143.4929236,-0.001817246,-0.133550347,142,0,0,-1.414
1,35,RSN828_CAPEMEND_PET000,-0.006019,174.4819,143.4929236,-0.001817246,-0.133550347,156,0,0,0
1,35,RSN828_CAPEMEND_PET000,-0.006019,218.3598,143.4929236,-0.001817246,-0.133550347,156,0,0,1.414
1,35,RSN828_CAPEMEND_PET000,-0.008243,137.1152,143.4929236,-0.001903305,-0.111814566,144,0,1,-1
1,35,RSN828_CAPEMEND_PET000,-0.008243,205.5083,143.4929236,-0.001903305,-0.111814566,156,0,1,1
1,35,RSN828_CAPEMEND_PET000,-0.009164,174.4819,143.4929236,-0.002003746,-0.109561811,157,0,1.414,0
1,30,RSN828_CAPEMEND_PET000,-0.003667,174.4819,140.4527182,-0.00162111,-0.120041619,0,0,-1.414,0
1,30,RSN828_CAPEMEND_PET000,-0.004356,137.1152,140.4527182,-0.001850356,-0.100002217,144,0,-1,-1
1,30,RSN828_CAPEMEND_PET000,-0.004356,205.5083,140.4527182,-0.001850356,-0.100002217,156,0,-1,1
1,30,RSN828_CAPEMEND_PET000,-0.006019,121.6374,140.4527182,-0.001822186,-0.106501851,142,0,0,-1.414
1,30,RSN828_CAPEMEND_PET000,-0.006019,174.4819,140.4527182,-0.001822186,-0.106501851,157,0,0,0
1,30,RSN828_CAPEMEND_PET000,-0.006019,218.3598,140.4527182,-0.001822186,-0.106501851,157,0,0,1.414
1,30,RSN828_CAPEMEND_PET000,-0.008243,137.1152,140.4527182,-0.001951665,-0.101242975,144,0,1,-1
1,30,RSN828_CAPEMEND_PET000,-0.008243,205.5083,140.4527182,-0.001951665,-0.101242975,158,0,1,1
1,30,RSN828_CAPEMEND_PET000,-0.009164,174.4819,140.5813024,-0.001944582,-0.101157869,158,0,1.414,0
1,25,RSN828_CAPEMEND_PET000,-0.003667,174.4819,135.2635067,-0.001731227,-0.094631528,0,0,-1.414,0
1,25,RSN828_CAPEMEND_PET000,-0.004356,137.1152,135.2635067,-0.001631892,-0.10090111,157,0,-1,-1
1,25,RSN828_CAPEMEND_PET000,-0.004356,205.5083,135.2635067,-0.001631892,-0.10090111,157,0,-1,1
1,25,RSN828_CAPEMEND_PET000,-0.006019,121.6374,148.1910176,-0.001684984,-0.097403541,143,0,0,-1.414
1,25,RSN828_CAPEMEND_PET000,-0.006019,174.4819,148.1910176,-0.001684984,-0.097403541,158,0,0,0
1,25,RSN828_CAPEMEND_PET000,-0.006019,218.3598,148.1910176,-0.001684984,-0.097403541,158,0,0,1.414
1,25,RSN828_CAPEMEND_PET000,-0.008243,137.1152,153.6137093,-0.002253152,-0.096322137,159,0,1,-1
1,25,RSN828_CAPEMEND_PET000,-0.008243,205.5083,153.6137093,-0.002253152,-0.096322137,159,0,1,1
1,25,RSN828_CAPEMEND_PET000,-0.009164,174.4819,154.590503,-0.002460089,-0.096808972,160,0,1.414,0
1,20,RSN828_CAPEMEND_PET000,-0.003667,174.4819,128.1404935,-0.001626032,-0.094354609,0,0,-1.414,0
1,20,RSN828_CAPEMEND_PET000,-0.004356,137.1152,151.5167818,-0.001866909,-0.093919647,159,0,-1,-1
1,20,RSN828_CAPEMEND_PET000,-0.004356,205.5083,151.5167818,-0.001866909,-0.093919647,159,0,-1,1
1,20,RSN828_CAPEMEND_PET000,-0.006019,121.6374,152.00132,-0.003111587,-0.098050014,144,0,0,-1.414
1,20,RSN828_CAPEMEND_PET000,-0.006019,174.4819,152.00132,-0.003111587,-0.098050014,175,0,0,0
1,20,RSN828_CAPEMEND_PET000,-0.006019,218.3598,152.00132,-0.003111587,-0.098050014,175,0,0,1.414
1,20,RSN828_CAPEMEND_PET000,-0.008243,137.1152,153.8640119,-0.001644576,-0.005345182,173,FAILED,1,-1
0,20,RSN828_CAPEMEND_PET000,-0.008243,205.5083,153.8640119,-0.001644576,-0.005345182,0,FAILED,1,1
1,20,RSN828_CAPEMEND_PET000,-0.009164,174.4819,153.8640119,-0.003010928,-0.095932074,177,0,1.414,0
1,15,RSN828_CAPEMEND_PET000,-0.003667,174.4819,152.1680875,-0.001945907,-0.08915397,0,0,-1.414,0
1,15,RSN828_CAPEMEND_PET000,-0.004356,137.1152,152.1680875,-0.001937032,-0.089319583,171,0,-1,-1
1,15,RSN828_CAPEMEND_PET000,-0.004356,205.5083,152.1680875,-0.001937032,-0.089319583,174,0,-1,1
1,15,RSN828_CAPEMEND_PET000,-0.006019,121.6374,153.3700561,-0.001884753,-0.088799036,170,0,0,-1.414
1,15,RSN828_CAPEMEND_PET000,-0.006019,174.4819,153.3700561,-0.001884753,-0.088799036,175,0,0,0
1,15,RSN828_CAPEMEND_PET000,-0.006019,218.3598,153.3700561,-0.001884753,-0.088799036,175,0,0,1.414
1,15,RSN828_CAPEMEND_PET000,-0.008243,137.1152,153.4305845,-0.001620014,-0.006658891,171,FAILED,1,-1
0,15,RSN828_CAPEMEND_PET000,-0.008243,205.5083,153.4305845,-0.001620014,-0.006658891,0,FAILED,1,1
1,15,RSN828_CAPEMEND_PET000,-0.009164,174.4819,153.4305845,-0.001847663,-0.087652586,177,0,1.414,0
1,10,RSN828_CAPEMEND_PET000,-0.003667,174.4819,153.4954094,-0.001543383,-0.081102695,0,0,-1.414,0
1,10,RSN828_CAPEMEND_PET000,-0.004356,137.1152,154.3544185,-0.001492017,-0.019412675,170,0,-1,-1
1,10,RSN828_CAPEMEND_PET000,-0.004356,205.5083,154.3544185,-0.001492017,-0.019412675,196,0,-1,1
1,10,RSN828_CAPEMEND_PET000,-0.006019,121.6374,154.3544185,-0.001552483,-0.005830922,169,0,0,-1.414
0,10,RSN828_CAPEMEND_PET000,-0.006019,174.4819,154.3544185,-0.001552483,-0.005830922,0,0,0,0
0,10,RSN828_CAPEMEND_PET000,-0.006019,218.3598,154.3544185,-0.001552483,-0.005830922,0,0,0,1.414
1,10,RSN828_CAPEMEND_PET000,-0.008243,137.1152,154.3544185,-0.001552483,-0.005830922,170,0,1,-1
0,10,RSN828_CAPEMEND_PET000,-0.008243,205.5083,154.3544185,-0.001552483,-0.005830922,0,0,1,1
0,10,RSN828_CAPEMEND_PET000,-0.009164,174.4819,154.3544185,-0.001552483,-0.005830922,0,0,1.414,0
1,5,RSN828_CAPEMEND_PET000,-0.003667,174.4819,145.4561871,-0.001364651,-0.002050168,0,0,-1.414,0
1,5,RSN828_CAPEMEND_PET000,-0.004356,137.1152,145.4561871,-0.001364651,-0.002050168,203,0,-1,-1
0,5,RSN828_CAPEMEND_PET000,-0.004356,205.5083,145.4561871,-0.001364651,-0.002050168,0,0,-1,1
1,5,RSN828_CAPEMEND_PET000,-0.006019,121.6374,145.4561871,-0.001364651,-0.002050168,170,0,0,-1.414
0,5,RSN828_CAPEMEND_PET000,-0.006019,174.4819,145.4561871,-0.001364651,-0.002050168,0,0,0,0
0,5,RSN828_CAPEMEND_PET000,-0.006019,218.3598,145.4561871,-0.001364651,-0.002050168,0,0,0,1.414
1,5,RSN828_CAPEMEND_PET000,-0.008243,137.1152,145.4561871,-0.001364651,-0.002050168,203,0,1,-1
0,5,RSN828_CAPEMEND_PET000,-0.008243,205.5083,145.4561871,-0.001364651,-0.002050168,0,0,1,1
0,5,RSN828_CAPEMEND_PET000,-0.009164,174.4819,145.4561871,-0.001364651,-0.002050168,0,0,1.414,0
1,40,RSN864_LANDERS_JOS090,-0.003667,174.4819,153.0613945,-0.002312526,-0.147708557,0,0,-1.414,0
1,40,RSN864_LANDERS_JOS090,-0.004356,137.1152,154.5344877,-0.002163519,-0.147466045,166,0,-1,-1
1,40,RSN864_LANDERS_JOS090,-0.004356,205.5083,154.5344877,-0.002163519,-0.147466045,230,0,-1,1
1,40,RSN864_LANDERS_JOS090,-0.006019,121.6374,154.7563081,-0.002488701,-0.123618929,163,0,0,-1.414
1,40,RSN864_LANDERS_JOS090,-0.006019,174.4819,154.7563081,-0.002488701,-0.123618929,263,0,0,0
1,40,RSN864_LANDERS_JOS090,-0.006019,218.3598,154.7563081,-0.002488701,-0.123618929,263,0,0,1.414
1,40,RSN864_LANDERS_JOS090,-0.008243,137.1152,154.7563081,-0.00235906,-0.143036973,166,0,1,-1
1,40,RSN864_LANDERS_JOS090,-0.008243,205.5083,154.7563081,-0.00235906,-0.143036973,264,0,1,1
1,40,RSN864_LANDERS_JOS090,-0.009164,174.4819,154.7563081,-0.001750533,-0.122454615,265,FAILED,1.414,0
1,35,RSN864_LANDERS_JOS090,-0.003667,174.4819,153.3628213,-0.001946016,-0.120692066,0,0,-1.414,0
1,35,RSN864_LANDERS_JOS090,-0.004356,137.1152,153.3628213,-0.002083116,-0.11867656,223,0,-1,-1
1,35,RSN864_LANDERS_JOS090,-0.004356,205.5083,153.3628213,-0.002083116,-0.11867656,261,0,-1,1
1,35,RSN864_LANDERS_JOS090,-0.006019,121.6374,153.3628213,-0.002645922,-0.120254055,163,FAILED,0,-1.414
1,35,RSN864_LANDERS_JOS090,-0.006019,174.4819,153.3628213,-0.002645922,-0.120254055,262,FAILED,0,0
1,35,RSN864_LANDERS_JOS090,-0.006019,218.3598,153.3628213,-0.002645922,-0.120254055,262,FAILED,0,1.414
1,35,RSN864_LANDERS_JOS090,-0.008243,137.1152,153.3628213,-0.002645101,-0.123406556,223,FAILED,1,-1
1,35,RSN864_LANDERS_JOS090,-0.008243,205.5083,153.3628213,-0.002645101,-0.123406556,264,FAILED,1,1
1,35,RSN864_LANDERS_JOS090,-0.009164,174.4819,153.3628213,-0.0026745,-0.12121247,300,FAILED,1.414,0
1,30,RSN864_LANDERS_JOS090,-0.003667,174.4819,150.5118359,-0.001898887,-0.115751806,0,0,-1.414,0
1,30,RSN864_LANDERS_JOS090,-0.004356,137.1152,150.5118359,-0.001969535,-0.135375053,223,0,-1,-1
1,30,RSN864_LANDERS_JOS090,-0.004356,205.5083,150.5118359,-0.001969535,-0.135375053,260,0,-1,1
1,30,RSN864_LANDERS_JOS090,-0.006019,121.6374,151.7367719,-0.001980616,-0.115046983,164,FAILED,0,-1.414
1,30,RSN864_LANDERS_JOS090,-0.006019,174.4819,151.7367719,-0.001980616,-0.115046983,263,FAILED,0,0
1,30,RSN864_LANDERS_JOS090,-0.006019,218.3598,151.7367719,-0.001980616,-0.115046983,263,FAILED,0,1.414
1,30,RSN864_LANDERS_JOS090,-0.008243,137.1152,151.9073991,-0.00211904,-0.131651433,223,0,1,-1
1,30,RSN864_LANDERS_JOS090,-0.008243,205.5083,151.9073991,-0.00211904,-0.131651433,299,0,1,1
1,30,RSN864_LANDERS_JOS090,-0.009164,174.4819,151.9073991,-0.0021007,-0.120703148,299,0,1.414,0
1,25,RSN864_LANDERS_JOS090,-0.003667,174.4819,153.0251848,-0.001660445,-0.127480044,0,0,-1.414,0
1,25,RSN864_LANDERS_JOS090,-0.004356,137.1152,153.6527638,-0.001703551,-0.116397444,223,0,-1,-1
1,25,RSN864_LANDERS_JOS090,-0.004356,205.5083,153.6527638,-0.001703551,-0.116397444,295,0,-1,1
1,25,RSN864_LANDERS_JOS090,-0.006019,121.6374,153.6527638,-0.001695607,-0.115202787,164,0,0,-1.414
1,25,RSN864_LANDERS_JOS090,-0.006019,174.4819,153.6527638,-0.001695607,-0.115202787,296,0,0,0
1,25,RSN864_LANDERS_JOS090,-0.006019,218.3598,153.6527638,-0.001695607,-0.115202787,296,0,0,1.414
1,25,RSN864_LANDERS_JOS090,-0.008243,137.1152,153.6527638,-0.001731121,-0.110397781,223,0,1,-1
1,25,RSN864_LANDERS_JOS090,-0.008243,205.5083,153.6527638,-0.001731121,-0.110397781,442,0,1,1
1,25,RSN864_LANDERS_JOS090,-0.009164,174.4819,153.6527638,-0.001732114,-0.110378836,442,0,1.414,0
1,20,RSN864_LANDERS_JOS090,-0.003667,174.4819,149.3316663,-0.001569979,-0.106941103,0,0,-1.414,0
1,20,RSN864_LANDERS_JOS090,-0.004356,137.1152,149.3316663,-0.001570963,-0.105309814,253,0,-1,-1
1,20,RSN864_LANDERS_JOS090,-0.004356,205.5083,149.3316663,-0.001570963,-0.105309814,330,0,-1,1
1,20,RSN864_LANDERS_JOS090,-0.006019,121.6374,149.5170768,-0.001523967,-0.103504044,166,0,0,-1.414
1,20,RSN864_LANDERS_JOS090,-0.006019,174.4819,149.5170768,-0.001523967,-0.103504044,368,0,0,0
1,20,RSN864_LANDERS_JOS090,-0.006019,218.3598,149.5170768,-0.001523967,-0.103504044,368,0,0,1.414
1,20,RSN864_LANDERS_JOS090,-0.008243,137.1152,149.5170768,-0.00160849,-0.100078569,253,0,1,-1
1,20,RSN864_LANDERS_JOS090,-0.008243,205.5083,149.5170768,-0.00160849,-0.100078569,443,0,1,1
1,20,RSN864_LANDERS_JOS090,-0.009164,174.4819,149.5170768,-0.001652745,-0.094649233,443,0,1.414,0
1,15,RSN864_LANDERS_JOS090,-0.003667,174.4819,151.5069931,-0.001446801,-0.002906513,0,0,-1.414,0
1,15,RSN864_LANDERS_JOS090,-0.004356,137.1152,151.5069931,-0.001446801,-0.002906513,440,0,-1,-1
0,15,RSN864_LANDERS_JOS090,-0.004356,205.5083,151.5069931,-0.001446801,-0.002906513,0,0,-1,1
1,15,RSN864_LANDERS_JOS090,-0.006019,121.6374,151.5069931,-0.001446801,-0.002906513,252,0,0,-1.414
0,15,RSN864_LANDERS_JOS090,-0.006019,174.4819,151.5069931,-0.001446801,-0.002906513,0,0,0,0
0,15,RSN864_LANDERS_JOS090,-0.006019,218.3598,151.5069931,-0.001446801,-0.002906513,0,0,0,1.414
1,15,RSN864_LANDERS_JOS090,-0.008243,137.1152,151.5069931,-0.001446801,-0.002906513,440,0,1,-1
0,15,RSN864_LANDERS_JOS090,-0.008243,205.5083,151.5069931,-0.001446801,-0.002906513,0,0,1,1
0,15,RSN864_LANDERS_JOS090,-0.009164,174.4819,151.5069931,-0.001446801,-0.002906513,0,0,1.414,0
1,10,RSN864_LANDERS_JOS090,-0.003667,174.4819,148.4669243,-0.001399527,-0.00275313,0,0,-1.414,0
1,10,RSN864_LANDERS_JOS090,-0.004356,137.1152,148.4669243,-0.001399527,-0.00275313,1317,0,-1,-1
0,10,RSN864_LANDERS_JOS090,-0.004356,205.5083,148.4669243,-0.001399527,-0.00275313,0,0,-1,1
1,10,RSN864_LANDERS_JOS090,-0.006019,121.6374,148.4669243,-0.001399527,-0.00275313,437,0,0,-1.414
0,10,RSN864_LANDERS_JOS090,-0.006019,174.4819,148.4669243,-0.001399527,-0.00275313,0,0,0,0
0,10,RSN864_LANDERS_JOS090,-0.006019,218.3598,148.4669243,-0.001399527,-0.00275313,0,0,0,1.414
1,10,RSN864_LANDERS_JOS090,-0.008243,137.1152,148.4669243,-0.001399527,-0.00275313,1317,0,1,-1
0,10,RSN864_LANDERS_JOS090,-0.008243,205.5083,148.4669243,-0.001399527,-0.00275313,0,0,1,1
0,10,RSN864_LANDERS_JOS090,-0.009164,174.4819,148.4669243,-0.001399527,-0.00275313,0,0,1.414,0
1,5,RSN864_LANDERS_JOS090,-0.003667,174.4819,127.4753488,-0.001237271,-0.001210931,0,0,-1.414,0
0,5,RSN864_LANDERS_JOS090,-0.004356,137.1152,127.4753488,-0.001237271,-0.001210931,0,0,-1,-1
0,5,RSN864_LANDERS_JOS090,-0.004356,205.5083,127.4753488,-0.001237271,-0.001210931,0,0,-1,1
1,5,RSN864_LANDERS_JOS090,-0.006019,121.6374,127.4753488,-0.001237271,-0.001210931,695,0,0,-1.414
0,5,RSN864_LANDERS_JOS090,-0.006019,174.4819,127.4753488,-0.001237271,-0.001210931,0,0,0,0
0,5,RSN864_LANDERS_JOS090,-0.006019,218.3598,127.4753488,-0.001237271,-0.001210931,0,0,0,1.414
0,5,RSN864_LANDERS_JOS090,-0.008243,137.1152,127.4753488,-0.001237271,-0.001210931,0,0,1,-1
0,5,RSN864_LANDERS_JOS090,-0.008243,205.5083,127.4753488,-0.001237271,-0.001210931,0,0,1,1
0,5,RSN864_LANDERS_JOS090,-0.009164,174.4819,127.4753488,-0.001237271,-0.001210931,0,0,1.414,0
1,40,RSN1044_NORTHR_NWH360,-0.003667,174.4819,152.9201034,-0.112603359,-0.132897314,0,0,-1.414,0
1,40,RSN1044_NORTHR_NWH360,-0.004356,137.1152,152.9201034,-0.106629192,-0.121166718,188,0,-1,-1
1,40,RSN1044_NORTHR_NWH360,-0.004356,205.5083,152.9201034,-0.106629192,-0.121166718,193,0,-1,1
1,40,RSN1044_NORTHR_NWH360,-0.006019,121.6374,154.1721913,-0.104428072,-0.111056202,187,0,0,-1.414
1,40,RSN1044_NORTHR_NWH360,-0.006019,174.4819,154.1721913,-0.104428072,-0.111056202,195,0,0,0
1,40,RSN1044_NORTHR_NWH360,-0.006019,218.3598,154.1721913,-0.104428072,-0.111056202,195,0,0,1.414
1,40,RSN1044_NORTHR_NWH360,-0.008243,137.1152,154.1943185,-0.005326579,-0.065849726,188,FAILED,1,-1
1,40,RSN1044_NORTHR_NWH360,-0.008243,205.5083,154.1943185,-0.005326579,-0.065849726,198,FAILED,1,1
1,40,RSN1044_NORTHR_NWH360,-0.009164,174.4819,154.1943185,-0.109724912,-0.12171092,198,0,1.414,0
1,35,RSN1044_NORTHR_NWH360,-0.003667,174.4819,152.6266047,-0.003047745,-0.105562288,0,0,-1.414,0
1,35,RSN1044_NORTHR_NWH360,-0.004356,137.1152,153.5973453,-0.096912875,-0.1101847,189,0,-1,-1
1,35,RSN1044_NORTHR_NWH360,-0.004356,205.5083,153.5973453,-0.096912875,-0.1101847,195,0,-1,1
1,35,RSN1044_NORTHR_NWH360,-0.006019,121.6374,154.1637215,-0.094562821,-0.11124481,187,0,0,-1.414
1,35,RSN1044_NORTHR_NWH360,-0.006019,174.4819,154.1637215,-0.094562821,-0.11124481,262,0,0,0
1,35,RSN1044_NORTHR_NWH360,-0.006019,218.3598,154.1637215,-0.094562821,-0.11124481,262,0,0,1.414
1,35,RSN1044_NORTHR_NWH360,-0.008243,137.1152,154.1637215,-0.101384636,-0.118306409,189,0,1,-1
1,35,RSN1044_NORTHR_NWH360,-0.008243,205.5083,154.1637215,-0.101384636,-0.118306409,263,0,1,1
1,35,RSN1044_NORTHR_NWH360,-0.009164,174.4819,154.1637215,-0.006179247,-0.063695331,263,FAILED,1.414,0
1,30,RSN1044_NORTHR_NWH360,-0.003667,174.4819,152.9249754,-0.091900634,-0.104242239,0,0,-1.414,0
1,30,RSN1044_NORTHR_NWH360,-0.004356,137.1152,152.9249754,-0.088868409,-0.103527239,190,0,-1,-1
1,30,RSN1044_NORTHR_NWH360,-0.004356,205.5083,152.9249754,-0.088868409,-0.103527239,261,0,-1,1
1,30,RSN1044_NORTHR_NWH360,-0.006019,121.6374,152.9249754,-0.092405596,-0.107792298,188,0,0,-1.414
1,30,RSN1044_NORTHR_NWH360,-0.006019,174.4819,152.9249754,-0.092405596,-0.107792298,262,0,0,0
1,30,RSN1044_NORTHR_NWH360,-0.006019,218.3598,152.9249754,-0.092405596,-0.107792298,262,0,0,1.414
1,30,RSN1044_NORTHR_NWH360,-0.008243,137.1152,152.9249754,-0.086321404,-0.106280038,190,0,1,-1
1,30,RSN1044_NORTHR_NWH360,-0.008243,205.5083,152.9249754,-0.086321404,-0.106280038,262,0,1,1
1,30,RSN1044_NORTHR_NWH360,-0.009164,174.4819,152.9249754,-0.083807707,-0.103158957,262,0,1.414,0
1,25,RSN1044_NORTHR_NWH360,-0.003667,174.4819,149.6635227,-0.083586285,-0.10034142,0,0,-1.414,0
1,25,RSN1044_NORTHR_NWH360,-0.004356,137.1152,151.2962571,-0.002877471,-0.098659192,191,0,-1,-1
1,25,RSN1044_NORTHR_NWH360,-0.004356,205.5083,151.2962571,-0.002877471,-0.098659192,260,0,-1,1
1,25,RSN1044_NORTHR_NWH360,-0.006019,121.6374,153.280993,-0.002431919,-0.093001147,188,0,0,-1.414
1,25,RSN1044_NORTHR_NWH360,-0.006019,174.4819,153.280993,-0.002431919,-0.093001147,261,0,0,0
1,25,RSN1044_NORTHR_NWH360,-0.006019,218.3598,153.280993,-0.002431919,-0.093001147,261,0,0,1.414
1,25,RSN1044_NORTHR_NWH360,-0.008243,137.1152,153.4081937,-0.00230876,-0.047527113,191,FAILED,1,-1
1,25,RSN1044_NORTHR_NWH360,-0.008243,205.5083,153.4081937,-0.00230876,-0.047527113,262,FAILED,1,1
1,25,RSN1044_NORTHR_NWH360,-0.009164,174.4819,153.4081937,-0.002304945,-0.084570345,262,0,1.414,0
1,20,RSN1044_NORTHR_NWH360,-0.003667,174.4819,152.6486044,-0.001631717,-0.08767577,0,0,-1.414,0
1,20,RSN1044_NORTHR_NWH360,-0.004356,137.1152,153.8419364,-0.001578323,-0.077780135,192,0,-1,-1
1,20,RSN1044_NORTHR_NWH360,-0.004356,205.5083,153.8419364,-0.001578323,-0.077780135,261,0,-1,1
1,20,RSN1044_NORTHR_NWH360,-0.006019,121.6374,154.4629759,-0.001536821,-0.075400745,190,0,0,-1.414
1,20,RSN1044_NORTHR_NWH360,-0.006019,174.4819,154.4629759,-0.001536821,-0.075400745,263,0,0,0
1,20,RSN1044_NORTHR_NWH360,-0.006019,218.3598,154.4629759,-0.001536821,-0.075400745,263,0,0,1.414
1,20,RSN1044_NORTHR_NWH360,-0.008243,137.1152,154.4629759,-0.001615536,-0.075419963,192,0,1,-1
1,20,RSN1044_NORTHR_NWH360,-0.008243,205.5083,154.4629759,-0.001615536,-0.075419963,283,0,1,1
1,20,RSN1044_NORTHR_NWH360,-0.009164,174.4819,154.4629759,-0.001615536,-0.075149313,283,0,1.414,0
1,15,RSN1044_NORTHR_NWH360,-0.003667,174.4819,146.8874861,-0.001360824,-0.020880761,0,0,-1.414,0
1,15,RSN1044_NORTHR_NWH360,-0.004356,137.1152,151.2267246,-0.001495535,-0.00376249,258,0,-1,-1
0,15,RSN1044_NORTHR_NWH360,-0.004356,205.5083,151.2267246,-0.001495535,-0.00376249,0,0,-1,1
1,15,RSN1044_NORTHR_NWH360,-0.006019,121.6374,151.2267246,-0.001495535,-0.00376249,191,0,0,-1.414
0,15,RSN1044_NORTHR_NWH360,-0.006019,174.4819,151.2267246,-0.001495535,-0.00376249,0,0,0,0
0,15,RSN1044_NORTHR_NWH360,-0.006019,218.3598,151.2267246,-0.001495535,-0.00376249,0,0,0,1.414
1,15,RSN1044_NORTHR_NWH360,-0.008243,137.1152,151.2267246,-0.001495535,-0.00376249,258,0,1,-1
0,15,RSN1044_NORTHR_NWH360,-0.008243,205.5083,151.2267246,-0.001495535,-0.00376249,0,0,1,1
0,15,RSN1044_NORTHR_NWH360,-0.009164,174.4819,151.2267246,-0.001495535,-0.00376249,0,0,1.414,0
1,10,RSN1044_NORTHR_NWH360,-0.003667,174.4819,149.4055286,-0.001402409,-0.002480241,0,0,-1.414,0
1,10,RSN1044_NORTHR_NWH360,-0.004356,137.1152,149.4055286,-0.001402409,-0.002480241,293,0,-1,-1
0,10,RSN1044_NORTHR_NWH360,-0.004356,205.5083,149.4055286,-0.001402409,-0.002480241,0,0,-1,1
1,10,RSN1044_NORTHR_NWH360,-0.006019,121.6374,149.4055286,-0.001402409,-0.002480241,260,0,0,-1.414
0,10,RSN1044_NORTHR_NWH360,-0.006019,174.4819,149.4055286,-0.001402409,-0.002480241,0,0,0,0
0,10,RSN1044_NORTHR_NWH360,-0.006019,218.3598,149.4055286,-0.001402409,-0.002480241,0,0,0,1.414
1,10,RSN1044_NORTHR_NWH360,-0.008243,137.1152,149.4055286,-0.001402409,-0.002480241,293,0,1,-1
0,10,RSN1044_NORTHR_NWH360,-0.008243,205.5083,149.4055286,-0.001402409,-0.002480241,0,0,1,1
0,10,RSN1044_NORTHR_NWH360,-0.009164,174.4819,149.4055286,-0.001402409,-0.002480241,0,0,1.414,0
1,5,RSN1044_NORTHR_NWH360,-0.003667,174.4819,130.0341594,-0.001285614,-0.001207284,0,0,-1.414,0
0,5,RSN1044_NORTHR_NWH360,-0.004356,137.1152,130.0341594,-0.001285614,-0.001207284,0,0,-1,-1
0,5,RSN1044_NORTHR_NWH360,-0.004356,205.5083,130.0341594,-0.001285614,-0.001207284,0,0,-1,1
1,5,RSN1044_NORTHR_NWH360,-0.006019,121.6374,130.0341594,-0.001285614,-0.001207284,292,0,0,-1.414
0,5,RSN1044_NORTHR_NWH360,-0.006019,174.4819,130.0341594,-0.001285614,-0.001207284,0,0,0,0
0,5,RSN1044_NORTHR_NWH360,-0.006019,218.3598,130.0341594,-0.001285614,-0.001207284,0,0,0,1.414
0,5,RSN1044_NORTHR_NWH360,-0.008243,137.1152,130.0341594,-0.001285614,-0.001207284,0,0,1,-1
0,5,RSN1044_NORTHR_NWH360,-0.008243,205.5083,130.0341594,-0.001285614,-0.001207284,0,0,1,1
0,5,RSN1044_NORTHR_NWH360,-0.009164,174.4819,130.0341594,-0.001285614,-0.001207284,0,0,1.414,0
1,40,RSN1148_KOCAELI_ARE000,-0.003667,174.4819,153.3352335,-0.001859972,-0.104365716,0,0,-1.414,0
1,40,RSN1148_KOCAELI_ARE000,-0.004356,137.1152,154.1291677,-0.001712143,-0.110894053,2781,0,-1,-1
1,40,RSN1148_KOCAELI_ARE000,-0.004356,205.5083,154.1291677,-0.001712143,-0.110894053,2809,0,-1,1
1,40,RSN1148_KOCAELI_ARE000,-0.006019,121.6374,154.2665387,-0.001806043,-0.097309701,2504,0,0,-1.414
1,40,RSN1148_KOCAELI_ARE000,-0.006019,174.4819,154.2665387,-0.001806043,-0.097309701,2821,0,0,0
1,40,RSN1148_KOCAELI_ARE000,-0.006019,218.3598,154.2665387,-0.001806043,-0.097309701,2821,0,0,1.414
1,40,RSN1148_KOCAELI_ARE000,-0.008243,137.1152,154.2665387,-0.002245636,-0.061480069,2781,FAILED,1,-1
1,40,RSN1148_KOCAELI_ARE000,-0.008243,205.5083,154.2665387,-0.002245636,-0.061480069,2830,FAILED,1,1
1,40,RSN1148_KOCAELI_ARE000,-0.009164,174.4819,154.2665387,-0.003392562,-0.090011744,2830,0,1.414,0
1,35,RSN1148_KOCAELI_ARE000,-0.003667,174.4819,153.299518,-0.001755175,-0.108662124,0,0,-1.414,0
1,35,RSN1148_KOCAELI_ARE000,-0.004356,137.1152,154.0477105,-0.001758356,-0.099315909,2783,0,-1,-1
1,35,RSN1148_KOCAELI_ARE000,-0.004356,205.5083,154.0477105,-0.001758356,-0.099315909,2823,0,-1,1
1,35,RSN1148_KOCAELI_ARE000,-0.006019,121.6374,154.2435355,-0.001954695,-0.080695425,2504,0,0,-1.414
1,35,RSN1148_KOCAELI_ARE000,-0.006019,174.4819,154.2435355,-0.001954695,-0.080695425,3486,0,0,0
1,35,RSN1148_KOCAELI_ARE000,-0.006019,218.3598,154.2435355,-0.001954695,-0.080695425,3486,0,0,1.414
1,35,RSN1148_KOCAELI_ARE000,-0.008243,137.1152,154.2435355,-0.001933221,-0.071192498,2783,0,1,-1
1,35,RSN1148_KOCAELI_ARE000,-0.008243,205.5083,154.2435355,-0.001933221,-0.071192498,3491,0,1,1
1,35,RSN1148_KOCAELI_ARE000,-0.009164,174.4819,154.2435355,-0.001935372,-0.056495396,3491,0,1.414,0
1,30,RSN1148_KOCAELI_ARE000,-0.003667,174.4819,153.2649858,-0.001673145,-0.078914919,0,0,-1.414,0
1,30,RSN1148_KOCAELI_ARE000,-0.004356,137.1152,153.2649858,-0.001646887,-0.079005255,2785,0,-1,-1
1,30,RSN1148_KOCAELI_ARE000,-0.004356,205.5083,153.2649858,-0.001646887,-0.079005255,3483,0,-1,1
1,30,RSN1148_KOCAELI_ARE000,-0.006019,121.6374,153.2649858,-0.001624401,-0.071462695,2682,0,0,-1.414
1,30,RSN1148_KOCAELI_ARE000,-0.006019,174.4819,153.2649858,-0.001624401,-0.071462695,3490,0,0,0
1,30,RSN1148_KOCAELI_ARE000,-0.006019,218.3598,153.2649858,-0.001624401,-0.071462695,3490,0,0,1.414
1,30,RSN1148_KOCAELI_ARE000,-0.008243,137.1152,153.2649858,-0.001712386,-0.0208433,2785,0,1,-1
1,30,RSN1148_KOCAELI_ARE000,-0.008243,205.5083,153.2649858,-0.001712386,-0.0208433,3579,0,1,1
1,30,RSN1148_KOCAELI_ARE000,-0.009164,174.4819,153.2649858,-0.001712386,-0.015228905,3586,0,1.414,0
1,25,RSN1148_KOCAELI_ARE000,-0.003667,174.4819,151.235907,-0.00152956,-0.074797745,0,0,-1.414,0
1,25,RSN1148_KOCAELI_ARE000,-0.004356,137.1152,152.2705615,-0.001498599,-0.019936146,2787,0,-1,-1
1,25,RSN1148_KOCAELI_ARE000,-0.004356,205.5083,152.2705615,-0.001498599,-0.019936146,3566,0,-1,1
1,25,RSN1148_KOCAELI_ARE000,-0.006019,121.6374,152.2705615,-0.001535804,-0.005036411,2683,0,0,-1.414
0,25,RSN1148_KOCAELI_ARE000,-0.006019,174.4819,152.2705615,-0.001535804,-0.005036411,0,0,0,0
0,25,RSN1148_KOCAELI_ARE000,-0.006019,218.3598,152.2705615,-0.001535804,-0.005036411,0,0,0,1.414
1,25,RSN1148_KOCAELI_ARE000,-0.008243,137.1152,152.2705615,-0.001535804,-0.005036411,2787,0,1,-1
0,25,RSN1148_KOCAELI_ARE000,-0.008243,205.5083,152.2705615,-0.001535804,-0.005036411,0,0,1,1
0,25,RSN1148_KOCAELI_ARE000,-0.009164,174.4819,152.2705615,-0.001535804,-0.005036411,0,0,1.414,0
1,20,RSN1148_KOCAELI_ARE000,-0.003667,174.4819,152.7044332,-0.001563192,-0.076568141,0,0,-1.414,0
1,20,RSN1148_KOCAELI_ARE000,-0.004356,137.1152,153.3848465,-0.001479136,-0.004005713,2790,0,-1,-1
0,20,RSN1148_KOCAELI_ARE000,-0.004356,205.5083,153.3848465,-0.001479136,-0.004005713,0,0,-1,1
1,20,RSN1148_KOCAELI_ARE000,-0.006019,121.6374,153.3848465,-0.001479136,-0.004005713,2783,0,0,-1.414
0,20,RSN1148_KOCAELI_ARE000,-0.006019,174.4819,153.3848465,-0.001479136,-0.004005713,0,0,0,0
0,20,RSN1148_KOCAELI_ARE000,-0.006019,218.3598,153.3848465,-0.001479136,-0.004005713,0,0,0,1.414
1,20,RSN1148_KOCAELI_ARE000,-0.008243,137.1152,153.3848465,-0.001479136,-0.004005713,2790,0,1,-1
0,20,RSN1148_KOCAELI_ARE000,-0.008243,205.5083,153.3848465,-0.001479136,-0.004005713,0,0,1,1
0,20,RSN1148_KOCAELI_ARE000,-0.009164,174.4819,153.3848465,-0.001479136,-0.004005713,0,0,1.414,0
1,15,RSN1148_KOCAELI_ARE000,-0.003667,174.4819,149.6609938,-0.001403312,-0.002980605,0,0,-1.414,0
1,15,RSN1148_KOCAELI_ARE000,-0.004356,137.1152,149.6609938,-0.001403312,-0.002980605,2797,0,-1,-1
0,15,RSN1148_KOCAELI_ARE000,-0.004356,205.5083,149.6609938,-0.001403312,-0.002980605,0,0,-1,1
1,15,RSN1148_KOCAELI_ARE000,-0.006019,121.6374,149.6609938,-0.001403312,-0.002980605,2786,0,0,-1.414
0,15,RSN1148_KOCAELI_ARE000,-0.006019,174.4819,149.6609938,-0.001403312,-0.002980605,0,0,0,0
0,15,RSN1148_KOCAELI_ARE000,-0.006019,218.3598,149.6609938,-0.001403312,-0.002980605,0,0,0,1.414
1,15,RSN1148_KOCAELI_ARE000,-0.008243,137.1152,149.6609938,-0.001403312,-0.002980605,2797,0,1,-1
0,15,RSN1148_KOCAELI_ARE000,-0.008243,205.5083,149.6609938,-0.001403312,-0.002980605,0,0,1,1
0,15,RSN1148_KOCAELI_ARE000,-0.009164,174.4819,149.6609938,-0.001403312,-0.002980605,0,0,1.414,0
1,10,RSN1148_KOCAELI_ARE000,-0.003667,174.4819,150.4180508,-0.001398256,-0.002466954,0,0,-1.414,0
1,10,RSN1148_KOCAELI_ARE000,-0.004356,137.1152,150.4180508,-0.001398256,-0.002466954,3474,0,-1,-1
0,10,RSN1148_KOCAELI_ARE000,-0.004356,205.5083,150.4180508,-0.001398256,-0.002466954,0,0,-1,1
1,10,RSN1148_KOCAELI_ARE000,-0.006019,121.6374,150.4180508,-0.001398256,-0.002466954,2795,0,0,-1.414
0,10,RSN1148_KOCAELI_ARE000,-0.006019,174.4819,150.4180508,-0.001398256,-0.002466954,0,0,0,0
0,10,RSN1148_KOCAELI_ARE000,-0.006019,218.3598,150.4180508,-0.001398256,-0.002466954,0,0,0,1.414
1,10,RSN1148_KOCAELI_ARE000,-0.008243,137.1152,150.4180508,-0.001398256,-0.002466954,3474,0,1,-1
0,10,RSN1148_KOCAELI_ARE000,-0.008243,205.5083,150.4180508,-0.001398256,-0.002466954,0,0,1,1
0,10,RSN1148_KOCAELI_ARE000,-0.009164,174.4819,150.4180508,-0.001398256,-0.002466954,0,0,1.414,0
1,5,RSN1148_KOCAELI_ARE000,-0.003667,174.4819,107.1779601,-0.001122094,-0.000847987,0,0,-1.414,0
0,5,RSN1148_KOCAELI_ARE000,-0.004356,137.1152,107.1779601,-0.001122094,-0.000847987,0,0,-1,-1
0,5,RSN1148_KOCAELI_ARE000,-0.004356,205.5083,107.1779601,-0.001122094,-0.000847987,0,0,-1,1
0,5,RSN1148_KOCAELI_ARE000,-0.006019,121.6374,107.1779601,-0.001122094,-0.000847987,0,0,0,-1.414
0,5,RSN1148_KOCAELI_ARE000,-0.006019,174.4819,107.1779601,-0.001122094,-0.000847987,0,0,0,0
0,5,RSN1148_KOCAELI_ARE000,-0.006019,218.3598,107.1779601,-0.001122094,-0.000847987,0,0,0,1.414
0,5,RSN1148_KOCAELI_ARE000,-0.008243,137.1152,107.1779601,-0.001122094,-0.000847987,0,0,1,-1
0,5,RSN1148_KOCAELI_ARE000,-0.008243,205.5083,107.1779601,-0.001122094,-0.000847987,0,0,1,1
0,5,RSN1148_KOCAELI_ARE000,-0.009164,174.4819,107.1779601,-0.001122094,-0.000847987,0,0,1.414,0
1,40,RSN1197_CHICHI_CHY028-E,-0.003667,174.4819,153.4676563,-0.133440046,-0.137287941,0,0,-1.414,0
1,40,RSN1197_CHICHI_CHY028-E,-0.004356,137.1152,154.2734042,-0.082430982,-0.135645087,5858,FAILED,-1,-1
1,40,RSN1197_CHICHI_CHY028-E,-0.004356,205.5083,154.2734042,-0.082430982,-0.135645087,6667,FAILED,-1,1
1,40,RSN1197_CHICHI_CHY028-E,-0.006019,121.6374,154.4410262,-0.140557726,-0.125401574,5847,0,0,-1.414
1,40,RSN1197_CHICHI_CHY028-E,-0.006019,174.4819,154.4410262,-0.140557726,-0.125401574,6672,0,0,0
1,40,RSN1197_CHICHI_CHY028-E,-0.006019,218.3598,154.4410262,-0.140557726,-0.125401574,6672,0,0,1.414
1,40,RSN1197_CHICHI_CHY028-E,-0.008243,137.1152,154.4410262,-0.118431151,-0.129058477,5858,FAILED,1,-1
1,40,RSN1197_CHICHI_CHY028-E,-0.008243,205.5083,154.4410262,-0.118431151,-0.129058477,6682,FAILED,1,1
1,40,RSN1197_CHICHI_CHY028-E,-0.009164,174.4819,154.4410262,-0.152065884,-0.131136078,6682,0,1.414,0
1,35,RSN1197_CHICHI_CHY028-E,-0.003667,174.4819,153.3497238,-0.123721627,-0.120981645,0,0,-1.414,0
1,35,RSN1197_CHICHI_CHY028-E,-0.004356,137.1152,154.2326707,-0.004057314,-0.126521313,6652,0,-1,-1
1,35,RSN1197_CHICHI_CHY028-E,-0.004356,205.5083,154.2326707,-0.004057314,-0.126521313,6683,0,-1,1
1,35,RSN1197_CHICHI_CHY028-E,-0.006019,121.6374,154.2781546,-0.134163011,-0.124053131,5846,0,0,-1.414
1,35,RSN1197_CHICHI_CHY028-E,-0.006019,174.4819,154.2781546,-0.134163011,-0.124053131,7173,0,0,0
1,35,RSN1197_CHICHI_CHY028-E,-0.006019,218.3598,154.2781546,-0.134163011,-0.124053131,7173,0,0,1.414
1,35,RSN1197_CHICHI_CHY028-E,-0.008243,137.1152,154.2781546,-0.135229737,-0.123808247,6652,0,1,-1
1,35,RSN1197_CHICHI_CHY028-E,-0.008243,205.5083,154.2781546,-0.135229737,-0.123808247,7176,0,1,1
1,35,RSN1197_CHICHI_CHY028-E,-0.009164,174.4819,154.2781546,-0.134005878,-0.124764073,7176,0,1.414,0
1,30,RSN1197_CHICHI_CHY028-E,-0.003667,174.4819,152.1473118,-0.125921143,-0.121906926,0,0,-1.414,0
1,30,RSN1197_CHICHI_CHY028-E,-0.004356,137.1152,152.1473118,-0.12687581,-0.120722695,6658,0,-1,-1
1,30,RSN1197_CHICHI_CHY028-E,-0.004356,205.5083,152.1473118,-0.12687581,-0.120722695,7172,0,-1,1
1,30,RSN1197_CHICHI_CHY028-E,-0.006019,121.6374,152.1473118,-0.126850129,-0.123208454,5846,0,0,-1.414
1,30,RSN1197_CHICHI_CHY028-E,-0.006019,174.4819,152.1473118,-0.126850129,-0.123208454,7174,0,0,0
1,30,RSN1197_CHICHI_CHY028-E,-0.006019,218.3598,152.1473118,-0.126850129,-0.123208454,7174,0,0,1.414
1,30,RSN1197_CHICHI_CHY028-E,-0.008243,137.1152,152.1473118,-0.121790364,-0.131011738,6658,0,1,-1
1,30,RSN1197_CHICHI_CHY028-E,-0.008243,205.5083,152.1473118,-0.121790364,-0.131011738,7177,0,1,1
1,30,RSN1197_CHICHI_CHY028-E,-0.009164,174.4819,152.1473118,-0.129843343,-0.133196776,7177,0,1.414,0
1,25,RSN1197_CHICHI_CHY028-E,-0.003667,174.4819,150.9746412,-0.113001454,-0.117962665,0,0,-1.414,0
1,25,RSN1197_CHICHI_CHY028-E,-0.004356,137.1152,150.9746412,-0.118340667,-0.116123391,6662,0,-1,-1
1,25,RSN1197_CHICHI_CHY028-E,-0.004356,205.5083,150.9746412,-0.118340667,-0.116123391,7171,0,-1,1
1,25,RSN1197_CHICHI_CHY028-E,-0.006019,121.6374,150.9746412,-0.004283494,-0.113270901,5847,0,0,-1.414
1,25,RSN1197_CHICHI_CHY028-E,-0.006019,174.4819,150.9746412,-0.004283494,-0.113270901,7174,0,0,0
1,25,RSN1197_CHICHI_CHY028-E,-0.006019,218.3598,150.9746412,-0.004283494,-0.113270901,7174,0,0,1.414
1,25,RSN1197_CHICHI_CHY028-E,-0.008243,137.1152,150.9746412,-0.00383854,-0.112007651,6662,0,1,-1
1,25,RSN1197_CHICHI_CHY028-E,-0.008243,205.5083,150.9746412,-0.00383854,-0.112007651,7177,0,1,1
1,25,RSN1197_CHICHI_CHY028-E,-0.009164,174.4819,150.9746412,-0.003728982,-0.112002681,7178,0,1.414,0
1,20,RSN1197_CHICHI_CHY028-E,-0.003667,174.4819,148.8210593,-0.002453775,-0.112674371,0,0,-1.414,0
1,20,RSN1197_CHICHI_CHY028-E,-0.004356,137.1152,148.8210593,-0.00217185,-0.107052418,6663,0,-1,-1
1,20,RSN1197_CHICHI_CHY028-E,-0.004356,205.5083,148.8210593,-0.00217185,-0.107052418,7171,0,-1,1
1,20,RSN1197_CHICHI_CHY028-E,-0.006019,121.6374,148.8210593,-0.002173479,-0.105996292,6657,0,0,-1.414
1,20,RSN1197_CHICHI_CHY028-E,-0.006019,174.4819,148.8210593,-0.002173479,-0.105996292,7174,0,0,0
1,20,RSN1197_CHICHI_CHY028-E,-0.006019,218.3598,148.8210593,-0.002173479,-0.105996292,7174,0,0,1.414
1,20,RSN1197_CHICHI_CHY028-E,-0.008243,137.1152,149.6356646,-0.070821854,-0.073469931,6663,0,1,-1
1,20,RSN1197_CHICHI_CHY028-E,-0.008243,205.5083,149.6356646,-0.070821854,-0.073469931,7178,0,1,1
1,20,RSN1197_CHICHI_CHY028-E,-0.009164,174.4819,149.6356646,-0.002825512,-0.097658889,7178,0,1.414,0
1,15,RSN1197_CHICHI_CHY028-E,-0.003667,174.4819,150.3355474,-0.001779519,-0.101523055,0,0,-1.414,0
1,15,RSN1197_CHICHI_CHY028-E,-0.004356,137.1152,150.3355474,-0.001746358,-0.100655601,6668,0,-1,-1
1,15,RSN1197_CHICHI_CHY028-E,-0.004356,205.5083,150.3355474,-0.001746358,-0.100655601,7171,0,-1,1
1,15,RSN1197_CHICHI_CHY028-E,-0.006019,121.6374,150.3355474,-0.001704528,-0.086162136,6658,0,0,-1.414
1,15,RSN1197_CHICHI_CHY028-E,-0.006019,174.4819,150.3355474,-0.001704528,-0.086162136,7176,0,0,0
1,15,RSN1197_CHICHI_CHY028-E,-0.006019,218.3598,150.3355474,-0.001704528,-0.086162136,7176,0,0,1.414
1,15,RSN1197_CHICHI_CHY028-E,-0.008243,137.1152,150.7409078,-0.001656148,-0.064439082,6668,0,1,-1
1,15,RSN1197_CHICHI_CHY028-E,-0.008243,205.5083,150.7409078,-0.001656148,-0.064439082,7184,0,1,1
1,15,RSN1197_CHICHI_CHY028-E,-0.009164,174.4819,150.7409078,-0.001641573,-0.040110268,7186,0,1.414,0
1,10,RSN1197_CHICHI_CHY028-E,-0.003667,174.4819,150.305035,-0.001670717,-0.079398011,0,0,-1.414,0
1,10,RSN1197_CHICHI_CHY028-E,-0.004356,137.1152,151.2457774,-0.001648469,-0.077530269,7005,0,-1,-1
1,10,RSN1197_CHICHI_CHY028-E,-0.004356,205.5083,151.2457774,-0.001648469,-0.077530269,7418,0,-1,1
1,10,RSN1197_CHICHI_CHY028-E,-0.006019,121.6374,152.3466822,-0.001597924,-0.028762014,6667,0,0,-1.414
1,10,RSN1197_CHICHI_CHY028-E,-0.006019,174.4819,152.3466822,-0.001597924,-0.028762014,7425,0,0,0
1,10,RSN1197_CHICHI_CHY028-E,-0.006019,218.3598,152.3466822,-0.001597924,-0.028762014,7425,0,0,1.414
1,10,RSN1197_CHICHI_CHY028-E,-0.008243,137.1152,152.4528442,-0.001665491,-0.007420581,7005,0,1,-1
0,10,RSN1197_CHICHI_CHY028-E,-0.008243,205.5083,152.4528442,-0.001665491,-0.007420581,0,0,1,1
0,10,RSN1197_CHICHI_CHY028-E,-0.009164,174.4819,152.4528442,-0.001665491,-0.007420581,0,0,1.414,0
1,5,RSN1197_CHICHI_CHY028-E,-0.003667,174.4819,149.3161479,-0.001392038,-0.002232618,0,0,-1.414,0
1,5,RSN1197_CHICHI_CHY028-E,-0.004356,137.1152,149.3161479,-0.001392038,-0.002232618,7404,0,-1,-1
0,5,RSN1197_CHICHI_CHY028-E,-0.004356,205.5083,149.3161479,-0.001392038,-0.002232618,0,0,-1,1
1,5,RSN1197_CHICHI_CHY028-E,-0.006019,121.6374,149.3161479,-0.001392038,-0.002232618,7301,0,0,-1.414
0,5,RSN1197_CHICHI_CHY028-E,-0.006019,174.4819,149.3161479,-0.001392038,-0.002232618,0,0,0,0
0,5,RSN1197_CHICHI_CHY028-E,-0.006019,218.3598,149.3161479,-0.001392038,-0.002232618,0,0,0,1.414
1,5,RSN1197_CHICHI_CHY028-E,-0.008243,137.1152,149.3161479,-0.001392038,-0.002232618,7404,0,1,-1
0,5,RSN1197_CHICHI_CHY028-E,-0.008243,205.5083,149.3161479,-0.001392038,-0.002232618,0,0,1,1
0,5,RSN1197_CHICHI_CHY028-E,-0.009164,174.4819,149.3161479,-0.001392038,-0.002232618,0,0,1.414,0
1,40,RSN1605_DUZCE_DZC270,-0.003667,174.4819,152.6045262,-0.001875935,-0.111147836,0,FAILED,-1.414,0
1,40,RSN1605_DUZCE_DZC270,-0.004356,137.1152,153.3946432,-0.00179718,-0.111482306,770,FAILED,-1,-1
1,40,RSN1605_DUZCE_DZC270,-0.004356,205.5083,153.3946432,-0.00179718,-0.111482306,784,FAILED,-1,1
1,40,RSN1605_DUZCE_DZC270,-0.006019,121.6374,153.7680957,-0.002294887,-0.127602469,534,0,0,-1.414
1,40,RSN1605_DUZCE_DZC270,-0.006019,174.4819,153.7680957,-0.002294887,-0.127602469,788,0,0,0
1,40,RSN1605_DUZCE_DZC270,-0.006019,218.3598,153.7680957,-0.002294887,-0.127602469,788,0,0,1.414
1,40,RSN1605_DUZCE_DZC270,-0.008243,137.1152,153.7680957,-0.002366208,-0.132716546,770,0,1,-1
1,40,RSN1605_DUZCE_DZC270,-0.008243,205.5083,153.7680957,-0.002366208,-0.132716546,792,0,1,1
1,40,RSN1605_DUZCE_DZC270,-0.009164,174.4819,153.7680957,-0.00240078,-0.132072739,794,0,1.414,0
1,35,RSN1605_DUZCE_DZC270,-0.003667,174.4819,152.4498201,-0.001722653,-0.127302883,0,0,-1.414,0
1,35,RSN1605_DUZCE_DZC270,-0.004356,137.1152,153.110487,-0.00192398,-0.126363832,765,0,-1,-1
1,35,RSN1605_DUZCE_DZC270,-0.004356,205.5083,153.110487,-0.00192398,-0.126363832,783,0,-1,1
1,35,RSN1605_DUZCE_DZC270,-0.006019,121.6374,153.4598441,-0.002289247,-0.128578234,761,0,0,-1.414
1,35,RSN1605_DUZCE_DZC270,-0.006019,174.4819,153.4598441,-0.002289247,-0.128578234,789,0,0,0
1,35,RSN1605_DUZCE_DZC270,-0.006019,218.3598,153.4598441,-0.002289247,-0.128578234,789,0,0,1.414
1,35,RSN1605_DUZCE_DZC270,-0.008243,137.1152,153.4598441,-0.002208204,-0.12736715,765,0,1,-1
1,35,RSN1605_DUZCE_DZC270,-0.008243,205.5083,153.4598441,-0.002208204,-0.12736715,797,0,1,1
1,35,RSN1605_DUZCE_DZC270,-0.009164,174.4819,153.4598441,-0.002389483,-0.130959632,940,FAILED,1.414,0
1,30,RSN1605_DUZCE_DZC270,-0.003667,174.4819,152.4990877,-0.001745456,-0.11301674,0,0,-1.414,0
1,30,RSN1605_DUZCE_DZC270,-0.004356,137.1152,153.2022216,-0.002075166,-0.122960826,762,0,-1,-1
1,30,RSN1605_DUZCE_DZC270,-0.004356,205.5083,153.2022216,-0.002075166,-0.122960826,787,0,-1,1
1,30,RSN1605_DUZCE_DZC270,-0.006019,121.6374,153.5746439,-0.001612118,-0.105265632,757,0,0,-1.414
1,30,RSN1605_DUZCE_DZC270,-0.006019,174.4819,153.5746439,-0.001612118,-0.105265632,853,0,0,0
1,30,RSN1605_DUZCE_DZC270,-0.006019,218.3598,153.5746439,-0.001612118,-0.105265632,853,0,0,1.414
1,30,RSN1605_DUZCE_DZC270,-0.008243,137.1152,153.5746439,-0.001769996,-0.09873581,762,0,1,-1
1,30,RSN1605_DUZCE_DZC270,-0.008243,205.5083,153.5746439,-0.001769996,-0.09873581,864,0,1,1
1,30,RSN1605_DUZCE_DZC270,-0.009164,174.4819,153.5746439,-0.002085686,-0.093324889,939,0,1.414,0
1,25,RSN1605_DUZCE_DZC270,-0.003667,174.4819,152.111469,-0.001757142,-0.108437211,0,0,-1.414,0
1,25,RSN1605_DUZCE_DZC270,-0.004356,137.1152,152.111469,-0.001498242,-0.113307917,759,0,-1,-1
1,25,RSN1605_DUZCE_DZC270,-0.004356,205.5083,152.111469,-0.001498242,-0.113307917,847,0,-1,1
1,25,RSN1605_DUZCE_DZC270,-0.006019,121.6374,152.111469,-0.001774674,-0.085643995,754,0,0,-1.414
1,25,RSN1605_DUZCE_DZC270,-0.006019,174.4819,152.111469,-0.001774674,-0.085643995,930,0,0,0
1,25,RSN1605_DUZCE_DZC270,-0.006019,218.3598,152.111469,-0.001774674,-0.085643995,930,0,0,1.414
1,25,RSN1605_DUZCE_DZC270,-0.008243,137.1152,152.111469,-0.001743576,-0.017054598,759,FAILED,1,-1
1,25,RSN1605_DUZCE_DZC270,-0.008243,205.5083,152.111469,-0.001743576,-0.017054598,938,FAILED,1,1
1,25,RSN1605_DUZCE_DZC270,-0.009164,174.4819,152.111469,-0.001745688,-0.083575344,938,0,1.414,0
1,20,RSN1605_DUZCE_DZC270,-0.003667,174.4819,151.25215,-0.001507593,-0.087332673,0,0,-1.414,0
1,20,RSN1605_DUZCE_DZC270,-0.004356,137.1152,152.2418752,-0.001517176,-0.019078328,760,0,-1,-1
1,20,RSN1605_DUZCE_DZC270,-0.004356,205.5083,152.2418752,-0.001517176,-0.019078328,919,0,-1,1
1,20,RSN1605_DUZCE_DZC270,-0.006019,121.6374,152.74862,-0.001553075,-0.006004338,753,0,0,-1.414
0,20,RSN1605_DUZCE_DZC270,-0.006019,174.4819,152.74862,-0.001553075,-0.006004338,0,0,0,0
0,20,RSN1605_DUZCE_DZC270,-0.006019,218.3598,152.74862,-0.001553075,-0.006004338,0,0,0,1.414
1,20,RSN1605_DUZCE_DZC270,-0.008243,137.1152,152.74862,-0.001553075,-0.006004338,760,0,1,-1
0,20,RSN1605_DUZCE_DZC270,-0.008243,205.5083,152.74862,-0.001553075,-0.006004338,0,0,1,1
0,20,RSN1605_DUZCE_DZC270,-0.009164,174.4819,152.74862,-0.001553075,-0.006004338,0,0,1.414,0
1,15,RSN1605_DUZCE_DZC270,-0.003667,174.4819,151.1766501,-0.001427331,-0.002599451,0,0,-1.414,0
1,15,RSN1605_DUZCE_DZC270,-0.004356,137.1152,151.1766501,-0.001427331,-0.002599451,768,0,-1,-1
0,15,RSN1605_DUZCE_DZC270,-0.004356,205.5083,151.1766501,-0.001427331,-0.002599451,0,0,-1,1
1,15,RSN1605_DUZCE_DZC270,-0.006019,121.6374,151.1766501,-0.001427331,-0.002599451,753,0,0,-1.414
0,15,RSN1605_DUZCE_DZC270,-0.006019,174.4819,151.1766501,-0.001427331,-0.002599451,0,0,0,0
0,15,RSN1605_DUZCE_DZC270,-0.006019,218.3598,151.1766501,-0.001427331,-0.002599451,0,0,0,1.414
1,15,RSN1605_DUZCE_DZC270,-0.008243,137.1152,151.1766501,-0.001427331,-0.002599451,768,0,1,-1
0,15,RSN1605_DUZCE_DZC270,-0.008243,205.5083,151.1766501,-0.001427331,-0.002599451,0,0,1,1
0,15,RSN1605_DUZCE_DZC270,-0.009164,174.4819,151.1766501,-0.001427331,-0.002599451,0,0,1.414,0
1,10,RSN1605_DUZCE_DZC270,-0.003667,174.4819,141.0289152,-0.001330587,-0.001484791,0,0,-1.414,0
1,10,RSN1605_DUZCE_DZC270,-0.004356,137.1152,141.0289152,-0.001330587,-0.001484791,885,0,-1,-1
0,10,RSN1605_DUZCE_DZC270,-0.004356,205.5083,141.0289152,-0.001330587,-0.001484791,0,0,-1,1
1,10,RSN1605_DUZCE_DZC270,-0.006019,121.6374,141.0289152,-0.001330587,-0.001484791,877,0,0,-1.414
0,10,RSN1605_DUZCE_DZC270,-0.006019,174.4819,141.0289152,-0.001330587,-0.001484791,0,0,0,0
0,10,RSN1605_DUZCE_DZC270,-0.006019,218.3598,141.0289152,-0.001330587,-0.001484791,0,0,0,1.414
1,10,RSN1605_DUZCE_DZC270,-0.008243,137.1152,141.0289152,-0.001330587,-0.001484791,885,0,1,-1
0,10,RSN1605_DUZCE_DZC270,-0.008243,205.5083,141.0289152,-0.001330587,-0.001484791,0,0,1,1
0,10,RSN1605_DUZCE_DZC270,-0.009164,174.4819,141.0289152,-0.001330587,-0.001484791,0,0,1.414,0
1,5,RSN1605_DUZCE_DZC270,-0.003667,174.4819,124.7218367,-0.001242672,-0.001126267,0,0,-1.414,0
0,5,RSN1605_DUZCE_DZC270,-0.004356,137.1152,124.7218367,-0.001242672,-0.001126267,0,0,-1,-1
0,5,RSN1605_DUZCE_DZC270,-0.004356,205.5083,124.7218367,-0.001242672,-0.001126267,0,0,-1,1
1,5,RSN1605_DUZCE_DZC270,-0.006019,121.6374,124.7218367,-0.001242672,-0.001126267,2454,0,0,-1.414
0,5,RSN1605_DUZCE_DZC270,-0.006019,174.4819,124.7218367,-0.001242672,-0.001126267,0,0,0,0
0,5,RSN1605_DUZCE_DZC270,-0.006019,218.3598,124.7218367,-0.001242672,-0.001126267,0,0,0,1.414
0,5,RSN1605_DUZCE_DZC270,-0.008243,137.1152,124.7218367,-0.001242672,-0.001126267,0,0,1,-1
0,5,RSN1605_DUZCE_DZC270,-0.008243,205.5083,124.7218367,-0.001242672,-0.001126267,0,0,1,1
0,5,RSN1605_DUZCE_DZC270,-0.009164,174.4819,124.7218367,-0.001242672,-0.001126267,0,0,1.414,0
